dateID,date_time
0,2000-01-01
1,2000-01-02
2,2000-01-03
3,2000-01-04
4,2000-01-05
5,2000-01-06
6,2000-01-07
7,2000-01-08
8,2000-01-09
9,2000-01-10
10,2000-01-11
11,2000-01-12
12,2000-01-13
13,2000-01-14
14,2000-01-15
15,2000-01-16
16,2000-01-17
17,2000-01-18
18,2000-01-19
19,2000-01-20
20,2000-01-21
21,2000-01-22
22,2000-01-23
23,2000-01-24
24,2000-01-25
25,2000-01-26
26,2000-01-27
27,2000-01-28
28,2000-01-29
29,2000-01-30
30,2000-01-31
31,2000-02-01
32,2000-02-02
33,2000-02-03
34,2000-02-04
35,2000-02-05
36,2000-02-06
37,2000-02-07
38,2000-02-08
39,2000-02-09
40,2000-02-10
41,2000-02-11
42,2000-02-12
43,2000-02-13
44,2000-02-14
45,2000-02-15
46,2000-02-16
47,2000-02-17
48,2000-02-18
49,2000-02-19
50,2000-02-20
51,2000-02-21
52,2000-02-22
53,2000-02-23
54,2000-02-24
55,2000-02-25
56,2000-02-26
57,2000-02-27
58,2000-02-28
59,2000-02-29
60,2000-03-01
61,2000-03-02
62,2000-03-03
63,2000-03-04
64,2000-03-05
65,2000-03-06
66,2000-03-07
67,2000-03-08
68,2000-03-09
69,2000-03-10
70,2000-03-11
71,2000-03-12
72,2000-03-13
73,2000-03-14
74,2000-03-15
75,2000-03-16
76,2000-03-17
77,2000-03-18
78,2000-03-19
79,2000-03-20
80,2000-03-21
81,2000-03-22
82,2000-03-23
83,2000-03-24
84,2000-03-25
85,2000-03-26
86,2000-03-27
87,2000-03-28
88,2000-03-29
89,2000-03-30
90,2000-03-31
91,2000-04-01
92,2000-04-02
93,2000-04-03
94,2000-04-04
95,2000-04-05
96,2000-04-06
97,2000-04-07
98,2000-04-08
99,2000-04-09
100,2000-04-10
101,2000-04-11
102,2000-04-12
103,2000-04-13
104,2000-04-14
105,2000-04-15
106,2000-04-16
107,2000-04-17
108,2000-04-18
109,2000-04-19
110,2000-04-20
111,2000-04-21
112,2000-04-22
113,2000-04-23
114,2000-04-24
115,2000-04-25
116,2000-04-26
117,2000-04-27
118,2000-04-28
119,2000-04-29
120,2000-04-30
121,2000-05-01
122,2000-05-02
123,2000-05-03
124,2000-05-04
125,2000-05-05
126,2000-05-06
127,2000-05-07
128,2000-05-08
129,2000-05-09
130,2000-05-10
131,2000-05-11
132,2000-05-12
133,2000-05-13
134,2000-05-14
135,2000-05-15
136,2000-05-16
137,2000-05-17
138,2000-05-18
139,2000-05-19
140,2000-05-20
141,2000-05-21
142,2000-05-22
143,2000-05-23
144,2000-05-24
145,2000-05-25
146,2000-05-26
147,2000-05-27
148,2000-05-28
149,2000-05-29
150,2000-05-30
151,2000-05-31
152,2000-06-01
153,2000-06-02
154,2000-06-03
155,2000-06-04
156,2000-06-05
157,2000-06-06
158,2000-06-07
159,2000-06-08
160,2000-06-09
161,2000-06-10
162,2000-06-11
163,2000-06-12
164,2000-06-13
165,2000-06-14
166,2000-06-15
167,2000-06-16
168,2000-06-17
169,2000-06-18
170,2000-06-19
171,2000-06-20
172,2000-06-21
173,2000-06-22
174,2000-06-23
175,2000-06-24
176,2000-06-25
177,2000-06-26
178,2000-06-27
179,2000-06-28
180,2000-06-29
181,2000-06-30
182,2000-07-01
183,2000-07-02
184,2000-07-03
185,2000-07-04
186,2000-07-05
187,2000-07-06
188,2000-07-07
189,2000-07-08
190,2000-07-09
191,2000-07-10
192,2000-07-11
193,2000-07-12
194,2000-07-13
195,2000-07-14
196,2000-07-15
197,2000-07-16
198,2000-07-17
199,2000-07-18
200,2000-07-19
201,2000-07-20
202,2000-07-21
203,2000-07-22
204,2000-07-23
205,2000-07-24
206,2000-07-25
207,2000-07-26
208,2000-07-27
209,2000-07-28
210,2000-07-29
211,2000-07-30
212,2000-07-31
213,2000-08-01
214,2000-08-02
215,2000-08-03
216,2000-08-04
217,2000-08-05
218,2000-08-06
219,2000-08-07
220,2000-08-08
221,2000-08-09
222,2000-08-10
223,2000-08-11
224,2000-08-12
225,2000-08-13
226,2000-08-14
227,2000-08-15
228,2000-08-16
229,2000-08-17
230,2000-08-18
231,2000-08-19
232,2000-08-20
233,2000-08-21
234,2000-08-22
235,2000-08-23
236,2000-08-24
237,2000-08-25
238,2000-08-26
239,2000-08-27
240,2000-08-28
241,2000-08-29
242,2000-08-30
243,2000-08-31
244,2000-09-01
245,2000-09-02
246,2000-09-03
247,2000-09-04
248,2000-09-05
249,2000-09-06
250,2000-09-07
251,2000-09-08
252,2000-09-09
253,2000-09-10
254,2000-09-11
255,2000-09-12
256,2000-09-13
257,2000-09-14
258,2000-09-15
259,2000-09-16
260,2000-09-17
261,2000-09-18
262,2000-09-19
263,2000-09-20
264,2000-09-21
265,2000-09-22
266,2000-09-23
267,2000-09-24
268,2000-09-25
269,2000-09-26
270,2000-09-27
271,2000-09-28
272,2000-09-29
273,2000-09-30
274,2000-10-01
275,2000-10-02
276,2000-10-03
277,2000-10-04
278,2000-10-05
279,2000-10-06
280,2000-10-07
281,2000-10-08
282,2000-10-09
283,2000-10-10
284,2000-10-11
285,2000-10-12
286,2000-10-13
287,2000-10-14
288,2000-10-15
289,2000-10-16
290,2000-10-17
291,2000-10-18
292,2000-10-19
293,2000-10-20
294,2000-10-21
295,2000-10-22
296,2000-10-23
297,2000-10-24
298,2000-10-25
299,2000-10-26
300,2000-10-27
301,2000-10-28
302,2000-10-29
303,2000-10-30
304,2000-10-31
305,2000-11-01
306,2000-11-02
307,2000-11-03
308,2000-11-04
309,2000-11-05
310,2000-11-06
311,2000-11-07
312,2000-11-08
313,2000-11-09
314,2000-11-10
315,2000-11-11
316,2000-11-12
317,2000-11-13
318,2000-11-14
319,2000-11-15
320,2000-11-16
321,2000-11-17
322,2000-11-18
323,2000-11-19
324,2000-11-20
325,2000-11-21
326,2000-11-22
327,2000-11-23
328,2000-11-24
329,2000-11-25
330,2000-11-26
331,2000-11-27
332,2000-11-28
333,2000-11-29
334,2000-11-30
335,2000-12-01
336,2000-12-02
337,2000-12-03
338,2000-12-04
339,2000-12-05
340,2000-12-06
341,2000-12-07
342,2000-12-08
343,2000-12-09
344,2000-12-10
345,2000-12-11
346,2000-12-12
347,2000-12-13
348,2000-12-14
349,2000-12-15
350,2000-12-16
351,2000-12-17
352,2000-12-18
353,2000-12-19
354,2000-12-20
355,2000-12-21
356,2000-12-22
357,2000-12-23
358,2000-12-24
359,2000-12-25
360,2000-12-26
361,2000-12-27
362,2000-12-28
363,2000-12-29
364,2000-12-30
365,2000-12-31
366,2001-01-01
367,2001-01-02
368,2001-01-03
369,2001-01-04
370,2001-01-05
371,2001-01-06
372,2001-01-07
373,2001-01-08
374,2001-01-09
375,2001-01-10
376,2001-01-11
377,2001-01-12
378,2001-01-13
379,2001-01-14
380,2001-01-15
381,2001-01-16
382,2001-01-17
383,2001-01-18
384,2001-01-19
385,2001-01-20
386,2001-01-21
387,2001-01-22
388,2001-01-23
389,2001-01-24
390,2001-01-25
391,2001-01-26
392,2001-01-27
393,2001-01-28
394,2001-01-29
395,2001-01-30
396,2001-01-31
397,2001-02-01
398,2001-02-02
399,2001-02-03
400,2001-02-04
401,2001-02-05
402,2001-02-06
403,2001-02-07
404,2001-02-08
405,2001-02-09
406,2001-02-10
407,2001-02-11
408,2001-02-12
409,2001-02-13
410,2001-02-14
411,2001-02-15
412,2001-02-16
413,2001-02-17
414,2001-02-18
415,2001-02-19
416,2001-02-20
417,2001-02-21
418,2001-02-22
419,2001-02-23
420,2001-02-24
421,2001-02-25
422,2001-02-26
423,2001-02-27
424,2001-02-28
425,2001-03-01
426,2001-03-02
427,2001-03-03
428,2001-03-04
429,2001-03-05
430,2001-03-06
431,2001-03-07
432,2001-03-08
433,2001-03-09
434,2001-03-10
435,2001-03-11
436,2001-03-12
437,2001-03-13
438,2001-03-14
439,2001-03-15
440,2001-03-16
441,2001-03-17
442,2001-03-18
443,2001-03-19
444,2001-03-20
445,2001-03-21
446,2001-03-22
447,2001-03-23
448,2001-03-24
449,2001-03-25
450,2001-03-26
451,2001-03-27
452,2001-03-28
453,2001-03-29
454,2001-03-30
455,2001-03-31
456,2001-04-01
457,2001-04-02
458,2001-04-03
459,2001-04-04
460,2001-04-05
461,2001-04-06
462,2001-04-07
463,2001-04-08
464,2001-04-09
465,2001-04-10
466,2001-04-11
467,2001-04-12
468,2001-04-13
469,2001-04-14
470,2001-04-15
471,2001-04-16
472,2001-04-17
473,2001-04-18
474,2001-04-19
475,2001-04-20
476,2001-04-21
477,2001-04-22
478,2001-04-23
479,2001-04-24
480,2001-04-25
481,2001-04-26
482,2001-04-27
483,2001-04-28
484,2001-04-29
485,2001-04-30
486,2001-05-01
487,2001-05-02
488,2001-05-03
489,2001-05-04
490,2001-05-05
491,2001-05-06
492,2001-05-07
493,2001-05-08
494,2001-05-09
495,2001-05-10
496,2001-05-11
497,2001-05-12
498,2001-05-13
499,2001-05-14
500,2001-05-15
501,2001-05-16
502,2001-05-17
503,2001-05-18
504,2001-05-19
505,2001-05-20
506,2001-05-21
507,2001-05-22
508,2001-05-23
509,2001-05-24
510,2001-05-25
511,2001-05-26
512,2001-05-27
513,2001-05-28
514,2001-05-29
515,2001-05-30
516,2001-05-31
517,2001-06-01
518,2001-06-02
519,2001-06-03
520,2001-06-04
521,2001-06-05
522,2001-06-06
523,2001-06-07
524,2001-06-08
525,2001-06-09
526,2001-06-10
527,2001-06-11
528,2001-06-12
529,2001-06-13
530,2001-06-14
531,2001-06-15
532,2001-06-16
533,2001-06-17
534,2001-06-18
535,2001-06-19
536,2001-06-20
537,2001-06-21
538,2001-06-22
539,2001-06-23
540,2001-06-24
541,2001-06-25
542,2001-06-26
543,2001-06-27
544,2001-06-28
545,2001-06-29
546,2001-06-30
547,2001-07-01
548,2001-07-02
549,2001-07-03
550,2001-07-04
551,2001-07-05
552,2001-07-06
553,2001-07-07
554,2001-07-08
555,2001-07-09
556,2001-07-10
557,2001-07-11
558,2001-07-12
559,2001-07-13
560,2001-07-14
561,2001-07-15
562,2001-07-16
563,2001-07-17
564,2001-07-18
565,2001-07-19
566,2001-07-20
567,2001-07-21
568,2001-07-22
569,2001-07-23
570,2001-07-24
571,2001-07-25
572,2001-07-26
573,2001-07-27
574,2001-07-28
575,2001-07-29
576,2001-07-30
577,2001-07-31
578,2001-08-01
579,2001-08-02
580,2001-08-03
581,2001-08-04
582,2001-08-05
583,2001-08-06
584,2001-08-07
585,2001-08-08
586,2001-08-09
587,2001-08-10
588,2001-08-11
589,2001-08-12
590,2001-08-13
591,2001-08-14
592,2001-08-15
593,2001-08-16
594,2001-08-17
595,2001-08-18
596,2001-08-19
597,2001-08-20
598,2001-08-21
599,2001-08-22
600,2001-08-23
601,2001-08-24
602,2001-08-25
603,2001-08-26
604,2001-08-27
605,2001-08-28
606,2001-08-29
607,2001-08-30
608,2001-08-31
609,2001-09-01
610,2001-09-02
611,2001-09-03
612,2001-09-04
613,2001-09-05
614,2001-09-06
615,2001-09-07
616,2001-09-08
617,2001-09-09
618,2001-09-10
619,2001-09-11
620,2001-09-12
621,2001-09-13
622,2001-09-14
623,2001-09-15
624,2001-09-16
625,2001-09-17
626,2001-09-18
627,2001-09-19
628,2001-09-20
629,2001-09-21
630,2001-09-22
631,2001-09-23
632,2001-09-24
633,2001-09-25
634,2001-09-26
635,2001-09-27
636,2001-09-28
637,2001-09-29
638,2001-09-30
639,2001-10-01
640,2001-10-02
641,2001-10-03
642,2001-10-04
643,2001-10-05
644,2001-10-06
645,2001-10-07
646,2001-10-08
647,2001-10-09
648,2001-10-10
649,2001-10-11
650,2001-10-12
651,2001-10-13
652,2001-10-14
653,2001-10-15
654,2001-10-16
655,2001-10-17
656,2001-10-18
657,2001-10-19
658,2001-10-20
659,2001-10-21
660,2001-10-22
661,2001-10-23
662,2001-10-24
663,2001-10-25
664,2001-10-26
665,2001-10-27
666,2001-10-28
667,2001-10-29
668,2001-10-30
669,2001-10-31
670,2001-11-01
671,2001-11-02
672,2001-11-03
673,2001-11-04
674,2001-11-05
675,2001-11-06
676,2001-11-07
677,2001-11-08
678,2001-11-09
679,2001-11-10
680,2001-11-11
681,2001-11-12
682,2001-11-13
683,2001-11-14
684,2001-11-15
685,2001-11-16
686,2001-11-17
687,2001-11-18
688,2001-11-19
689,2001-11-20
690,2001-11-21
691,2001-11-22
692,2001-11-23
693,2001-11-24
694,2001-11-25
695,2001-11-26
696,2001-11-27
697,2001-11-28
698,2001-11-29
699,2001-11-30
700,2001-12-01
701,2001-12-02
702,2001-12-03
703,2001-12-04
704,2001-12-05
705,2001-12-06
706,2001-12-07
707,2001-12-08
708,2001-12-09
709,2001-12-10
710,2001-12-11
711,2001-12-12
712,2001-12-13
713,2001-12-14
714,2001-12-15
715,2001-12-16
716,2001-12-17
717,2001-12-18
718,2001-12-19
719,2001-12-20
720,2001-12-21
721,2001-12-22
722,2001-12-23
723,2001-12-24
724,2001-12-25
725,2001-12-26
726,2001-12-27
727,2001-12-28
728,2001-12-29
729,2001-12-30
730,2001-12-31
731,2002-01-01
732,2002-01-02
733,2002-01-03
734,2002-01-04
735,2002-01-05
736,2002-01-06
737,2002-01-07
738,2002-01-08
739,2002-01-09
740,2002-01-10
741,2002-01-11
742,2002-01-12
743,2002-01-13
744,2002-01-14
745,2002-01-15
746,2002-01-16
747,2002-01-17
748,2002-01-18
749,2002-01-19
750,2002-01-20
751,2002-01-21
752,2002-01-22
753,2002-01-23
754,2002-01-24
755,2002-01-25
756,2002-01-26
757,2002-01-27
758,2002-01-28
759,2002-01-29
760,2002-01-30
761,2002-01-31
762,2002-02-01
763,2002-02-02
764,2002-02-03
765,2002-02-04
766,2002-02-05
767,2002-02-06
768,2002-02-07
769,2002-02-08
770,2002-02-09
771,2002-02-10
772,2002-02-11
773,2002-02-12
774,2002-02-13
775,2002-02-14
776,2002-02-15
777,2002-02-16
778,2002-02-17
779,2002-02-18
780,2002-02-19
781,2002-02-20
782,2002-02-21
783,2002-02-22
784,2002-02-23
785,2002-02-24
786,2002-02-25
787,2002-02-26
788,2002-02-27
789,2002-02-28
790,2002-03-01
791,2002-03-02
792,2002-03-03
793,2002-03-04
794,2002-03-05
795,2002-03-06
796,2002-03-07
797,2002-03-08
798,2002-03-09
799,2002-03-10
800,2002-03-11
801,2002-03-12
802,2002-03-13
803,2002-03-14
804,2002-03-15
805,2002-03-16
806,2002-03-17
807,2002-03-18
808,2002-03-19
809,2002-03-20
810,2002-03-21
811,2002-03-22
812,2002-03-23
813,2002-03-24
814,2002-03-25
815,2002-03-26
816,2002-03-27
817,2002-03-28
818,2002-03-29
819,2002-03-30
820,2002-03-31
821,2002-04-01
822,2002-04-02
823,2002-04-03
824,2002-04-04
825,2002-04-05
826,2002-04-06
827,2002-04-07
828,2002-04-08
829,2002-04-09
830,2002-04-10
831,2002-04-11
832,2002-04-12
833,2002-04-13
834,2002-04-14
835,2002-04-15
836,2002-04-16
837,2002-04-17
838,2002-04-18
839,2002-04-19
840,2002-04-20
841,2002-04-21
842,2002-04-22
843,2002-04-23
844,2002-04-24
845,2002-04-25
846,2002-04-26
847,2002-04-27
848,2002-04-28
849,2002-04-29
850,2002-04-30
851,2002-05-01
852,2002-05-02
853,2002-05-03
854,2002-05-04
855,2002-05-05
856,2002-05-06
857,2002-05-07
858,2002-05-08
859,2002-05-09
860,2002-05-10
861,2002-05-11
862,2002-05-12
863,2002-05-13
864,2002-05-14
865,2002-05-15
866,2002-05-16
867,2002-05-17
868,2002-05-18
869,2002-05-19
870,2002-05-20
871,2002-05-21
872,2002-05-22
873,2002-05-23
874,2002-05-24
875,2002-05-25
876,2002-05-26
877,2002-05-27
878,2002-05-28
879,2002-05-29
880,2002-05-30
881,2002-05-31
882,2002-06-01
883,2002-06-02
884,2002-06-03
885,2002-06-04
886,2002-06-05
887,2002-06-06
888,2002-06-07
889,2002-06-08
890,2002-06-09
891,2002-06-10
892,2002-06-11
893,2002-06-12
894,2002-06-13
895,2002-06-14
896,2002-06-15
897,2002-06-16
898,2002-06-17
899,2002-06-18
900,2002-06-19
901,2002-06-20
902,2002-06-21
903,2002-06-22
904,2002-06-23
905,2002-06-24
906,2002-06-25
907,2002-06-26
908,2002-06-27
909,2002-06-28
910,2002-06-29
911,2002-06-30
912,2002-07-01
913,2002-07-02
914,2002-07-03
915,2002-07-04
916,2002-07-05
917,2002-07-06
918,2002-07-07
919,2002-07-08
920,2002-07-09
921,2002-07-10
922,2002-07-11
923,2002-07-12
924,2002-07-13
925,2002-07-14
926,2002-07-15
927,2002-07-16
928,2002-07-17
929,2002-07-18
930,2002-07-19
931,2002-07-20
932,2002-07-21
933,2002-07-22
934,2002-07-23
935,2002-07-24
936,2002-07-25
937,2002-07-26
938,2002-07-27
939,2002-07-28
940,2002-07-29
941,2002-07-30
942,2002-07-31
943,2002-08-01
944,2002-08-02
945,2002-08-03
946,2002-08-04
947,2002-08-05
948,2002-08-06
949,2002-08-07
950,2002-08-08
951,2002-08-09
952,2002-08-10
953,2002-08-11
954,2002-08-12
955,2002-08-13
956,2002-08-14
957,2002-08-15
958,2002-08-16
959,2002-08-17
960,2002-08-18
961,2002-08-19
962,2002-08-20
963,2002-08-21
964,2002-08-22
965,2002-08-23
966,2002-08-24
967,2002-08-25
968,2002-08-26
969,2002-08-27
970,2002-08-28
971,2002-08-29
972,2002-08-30
973,2002-08-31
974,2002-09-01
975,2002-09-02
976,2002-09-03
977,2002-09-04
978,2002-09-05
979,2002-09-06
980,2002-09-07
981,2002-09-08
982,2002-09-09
983,2002-09-10
984,2002-09-11
985,2002-09-12
986,2002-09-13
987,2002-09-14
988,2002-09-15
989,2002-09-16
990,2002-09-17
991,2002-09-18
992,2002-09-19
993,2002-09-20
994,2002-09-21
995,2002-09-22
996,2002-09-23
997,2002-09-24
998,2002-09-25
999,2002-09-26
1000,2002-09-27
1001,2002-09-28
1002,2002-09-29
1003,2002-09-30
1004,2002-10-01
1005,2002-10-02
1006,2002-10-03
1007,2002-10-04
1008,2002-10-05
1009,2002-10-06
1010,2002-10-07
1011,2002-10-08
1012,2002-10-09
1013,2002-10-10
1014,2002-10-11
1015,2002-10-12
1016,2002-10-13
1017,2002-10-14
1018,2002-10-15
1019,2002-10-16
1020,2002-10-17
1021,2002-10-18
1022,2002-10-19
1023,2002-10-20
1024,2002-10-21
1025,2002-10-22
1026,2002-10-23
1027,2002-10-24
1028,2002-10-25
1029,2002-10-26
1030,2002-10-27
1031,2002-10-28
1032,2002-10-29
1033,2002-10-30
1034,2002-10-31
1035,2002-11-01
1036,2002-11-02
1037,2002-11-03
1038,2002-11-04
1039,2002-11-05
1040,2002-11-06
1041,2002-11-07
1042,2002-11-08
1043,2002-11-09
1044,2002-11-10
1045,2002-11-11
1046,2002-11-12
1047,2002-11-13
1048,2002-11-14
1049,2002-11-15
1050,2002-11-16
1051,2002-11-17
1052,2002-11-18
1053,2002-11-19
1054,2002-11-20
1055,2002-11-21
1056,2002-11-22
1057,2002-11-23
1058,2002-11-24
1059,2002-11-25
1060,2002-11-26
1061,2002-11-27
1062,2002-11-28
1063,2002-11-29
1064,2002-11-30
1065,2002-12-01
1066,2002-12-02
1067,2002-12-03
1068,2002-12-04
1069,2002-12-05
1070,2002-12-06
1071,2002-12-07
1072,2002-12-08
1073,2002-12-09
1074,2002-12-10
1075,2002-12-11
1076,2002-12-12
1077,2002-12-13
1078,2002-12-14
1079,2002-12-15
1080,2002-12-16
1081,2002-12-17
1082,2002-12-18
1083,2002-12-19
1084,2002-12-20
1085,2002-12-21
1086,2002-12-22
1087,2002-12-23
1088,2002-12-24
1089,2002-12-25
1090,2002-12-26
1091,2002-12-27
1092,2002-12-28
1093,2002-12-29
1094,2002-12-30
1095,2002-12-31
1096,2003-01-01
1097,2003-01-02
1098,2003-01-03
1099,2003-01-04
1100,2003-01-05
1101,2003-01-06
1102,2003-01-07
1103,2003-01-08
1104,2003-01-09
1105,2003-01-10
1106,2003-01-11
1107,2003-01-12
1108,2003-01-13
1109,2003-01-14
1110,2003-01-15
1111,2003-01-16
1112,2003-01-17
1113,2003-01-18
1114,2003-01-19
1115,2003-01-20
1116,2003-01-21
1117,2003-01-22
1118,2003-01-23
1119,2003-01-24
1120,2003-01-25
1121,2003-01-26
1122,2003-01-27
1123,2003-01-28
1124,2003-01-29
1125,2003-01-30
1126,2003-01-31
1127,2003-02-01
1128,2003-02-02
1129,2003-02-03
1130,2003-02-04
1131,2003-02-05
1132,2003-02-06
1133,2003-02-07
1134,2003-02-08
1135,2003-02-09
1136,2003-02-10
1137,2003-02-11
1138,2003-02-12
1139,2003-02-13
1140,2003-02-14
1141,2003-02-15
1142,2003-02-16
1143,2003-02-17
1144,2003-02-18
1145,2003-02-19
1146,2003-02-20
1147,2003-02-21
1148,2003-02-22
1149,2003-02-23
1150,2003-02-24
1151,2003-02-25
1152,2003-02-26
1153,2003-02-27
1154,2003-02-28
1155,2003-03-01
1156,2003-03-02
1157,2003-03-03
1158,2003-03-04
1159,2003-03-05
1160,2003-03-06
1161,2003-03-07
1162,2003-03-08
1163,2003-03-09
1164,2003-03-10
1165,2003-03-11
1166,2003-03-12
1167,2003-03-13
1168,2003-03-14
1169,2003-03-15
1170,2003-03-16
1171,2003-03-17
1172,2003-03-18
1173,2003-03-19
1174,2003-03-20
1175,2003-03-21
1176,2003-03-22
1177,2003-03-23
1178,2003-03-24
1179,2003-03-25
1180,2003-03-26
1181,2003-03-27
1182,2003-03-28
1183,2003-03-29
1184,2003-03-30
1185,2003-03-31
1186,2003-04-01
1187,2003-04-02
1188,2003-04-03
1189,2003-04-04
1190,2003-04-05
1191,2003-04-06
1192,2003-04-07
1193,2003-04-08
1194,2003-04-09
1195,2003-04-10
1196,2003-04-11
1197,2003-04-12
1198,2003-04-13
1199,2003-04-14
1200,2003-04-15
1201,2003-04-16
1202,2003-04-17
1203,2003-04-18
1204,2003-04-19
1205,2003-04-20
1206,2003-04-21
1207,2003-04-22
1208,2003-04-23
1209,2003-04-24
1210,2003-04-25
1211,2003-04-26
1212,2003-04-27
1213,2003-04-28
1214,2003-04-29
1215,2003-04-30
1216,2003-05-01
1217,2003-05-02
1218,2003-05-03
1219,2003-05-04
1220,2003-05-05
1221,2003-05-06
1222,2003-05-07
1223,2003-05-08
1224,2003-05-09
1225,2003-05-10
1226,2003-05-11
1227,2003-05-12
1228,2003-05-13
1229,2003-05-14
1230,2003-05-15
1231,2003-05-16
1232,2003-05-17
1233,2003-05-18
1234,2003-05-19
1235,2003-05-20
1236,2003-05-21
1237,2003-05-22
1238,2003-05-23
1239,2003-05-24
1240,2003-05-25
1241,2003-05-26
1242,2003-05-27
1243,2003-05-28
1244,2003-05-29
1245,2003-05-30
1246,2003-05-31
1247,2003-06-01
1248,2003-06-02
1249,2003-06-03
1250,2003-06-04
1251,2003-06-05
1252,2003-06-06
1253,2003-06-07
1254,2003-06-08
1255,2003-06-09
1256,2003-06-10
1257,2003-06-11
1258,2003-06-12
1259,2003-06-13
1260,2003-06-14
1261,2003-06-15
1262,2003-06-16
1263,2003-06-17
1264,2003-06-18
1265,2003-06-19
1266,2003-06-20
1267,2003-06-21
1268,2003-06-22
1269,2003-06-23
1270,2003-06-24
1271,2003-06-25
1272,2003-06-26
1273,2003-06-27
1274,2003-06-28
1275,2003-06-29
1276,2003-06-30
1277,2003-07-01
1278,2003-07-02
1279,2003-07-03
1280,2003-07-04
1281,2003-07-05
1282,2003-07-06
1283,2003-07-07
1284,2003-07-08
1285,2003-07-09
1286,2003-07-10
1287,2003-07-11
1288,2003-07-12
1289,2003-07-13
1290,2003-07-14
1291,2003-07-15
1292,2003-07-16
1293,2003-07-17
1294,2003-07-18
1295,2003-07-19
1296,2003-07-20
1297,2003-07-21
1298,2003-07-22
1299,2003-07-23
1300,2003-07-24
1301,2003-07-25
1302,2003-07-26
1303,2003-07-27
1304,2003-07-28
1305,2003-07-29
1306,2003-07-30
1307,2003-07-31
1308,2003-08-01
1309,2003-08-02
1310,2003-08-03
1311,2003-08-04
1312,2003-08-05
1313,2003-08-06
1314,2003-08-07
1315,2003-08-08
1316,2003-08-09
1317,2003-08-10
1318,2003-08-11
1319,2003-08-12
1320,2003-08-13
1321,2003-08-14
1322,2003-08-15
1323,2003-08-16
1324,2003-08-17
1325,2003-08-18
1326,2003-08-19
1327,2003-08-20
1328,2003-08-21
1329,2003-08-22
1330,2003-08-23
1331,2003-08-24
1332,2003-08-25
1333,2003-08-26
1334,2003-08-27
1335,2003-08-28
1336,2003-08-29
1337,2003-08-30
1338,2003-08-31
1339,2003-09-01
1340,2003-09-02
1341,2003-09-03
1342,2003-09-04
1343,2003-09-05
1344,2003-09-06
1345,2003-09-07
1346,2003-09-08
1347,2003-09-09
1348,2003-09-10
1349,2003-09-11
1350,2003-09-12
1351,2003-09-13
1352,2003-09-14
1353,2003-09-15
1354,2003-09-16
1355,2003-09-17
1356,2003-09-18
1357,2003-09-19
1358,2003-09-20
1359,2003-09-21
1360,2003-09-22
1361,2003-09-23
1362,2003-09-24
1363,2003-09-25
1364,2003-09-26
1365,2003-09-27
1366,2003-09-28
1367,2003-09-29
1368,2003-09-30
1369,2003-10-01
1370,2003-10-02
1371,2003-10-03
1372,2003-10-04
1373,2003-10-05
1374,2003-10-06
1375,2003-10-07
1376,2003-10-08
1377,2003-10-09
1378,2003-10-10
1379,2003-10-11
1380,2003-10-12
1381,2003-10-13
1382,2003-10-14
1383,2003-10-15
1384,2003-10-16
1385,2003-10-17
1386,2003-10-18
1387,2003-10-19
1388,2003-10-20
1389,2003-10-21
1390,2003-10-22
1391,2003-10-23
1392,2003-10-24
1393,2003-10-25
1394,2003-10-26
1395,2003-10-27
1396,2003-10-28
1397,2003-10-29
1398,2003-10-30
1399,2003-10-31
1400,2003-11-01
1401,2003-11-02
1402,2003-11-03
1403,2003-11-04
1404,2003-11-05
1405,2003-11-06
1406,2003-11-07
1407,2003-11-08
1408,2003-11-09
1409,2003-11-10
1410,2003-11-11
1411,2003-11-12
1412,2003-11-13
1413,2003-11-14
1414,2003-11-15
1415,2003-11-16
1416,2003-11-17
1417,2003-11-18
1418,2003-11-19
1419,2003-11-20
1420,2003-11-21
1421,2003-11-22
1422,2003-11-23
1423,2003-11-24
1424,2003-11-25
1425,2003-11-26
1426,2003-11-27
1427,2003-11-28
1428,2003-11-29
1429,2003-11-30
1430,2003-12-01
1431,2003-12-02
1432,2003-12-03
1433,2003-12-04
1434,2003-12-05
1435,2003-12-06
1436,2003-12-07
1437,2003-12-08
1438,2003-12-09
1439,2003-12-10
1440,2003-12-11
1441,2003-12-12
1442,2003-12-13
1443,2003-12-14
1444,2003-12-15
1445,2003-12-16
1446,2003-12-17
1447,2003-12-18
1448,2003-12-19
1449,2003-12-20
1450,2003-12-21
1451,2003-12-22
1452,2003-12-23
1453,2003-12-24
1454,2003-12-25
1455,2003-12-26
1456,2003-12-27
1457,2003-12-28
1458,2003-12-29
1459,2003-12-30
1460,2003-12-31
1461,2004-01-01
1462,2004-01-02
1463,2004-01-03
1464,2004-01-04
1465,2004-01-05
1466,2004-01-06
1467,2004-01-07
1468,2004-01-08
1469,2004-01-09
1470,2004-01-10
1471,2004-01-11
1472,2004-01-12
1473,2004-01-13
1474,2004-01-14
1475,2004-01-15
1476,2004-01-16
1477,2004-01-17
1478,2004-01-18
1479,2004-01-19
1480,2004-01-20
1481,2004-01-21
1482,2004-01-22
1483,2004-01-23
1484,2004-01-24
1485,2004-01-25
1486,2004-01-26
1487,2004-01-27
1488,2004-01-28
1489,2004-01-29
1490,2004-01-30
1491,2004-01-31
1492,2004-02-01
1493,2004-02-02
1494,2004-02-03
1495,2004-02-04
1496,2004-02-05
1497,2004-02-06
1498,2004-02-07
1499,2004-02-08
1500,2004-02-09
1501,2004-02-10
1502,2004-02-11
1503,2004-02-12
1504,2004-02-13
1505,2004-02-14
1506,2004-02-15
1507,2004-02-16
1508,2004-02-17
1509,2004-02-18
1510,2004-02-19
1511,2004-02-20
1512,2004-02-21
1513,2004-02-22
1514,2004-02-23
1515,2004-02-24
1516,2004-02-25
1517,2004-02-26
1518,2004-02-27
1519,2004-02-28
1520,2004-02-29
1521,2004-03-01
1522,2004-03-02
1523,2004-03-03
1524,2004-03-04
1525,2004-03-05
1526,2004-03-06
1527,2004-03-07
1528,2004-03-08
1529,2004-03-09
1530,2004-03-10
1531,2004-03-11
1532,2004-03-12
1533,2004-03-13
1534,2004-03-14
1535,2004-03-15
1536,2004-03-16
1537,2004-03-17
1538,2004-03-18
1539,2004-03-19
1540,2004-03-20
1541,2004-03-21
1542,2004-03-22
1543,2004-03-23
1544,2004-03-24
1545,2004-03-25
1546,2004-03-26
1547,2004-03-27
1548,2004-03-28
1549,2004-03-29
1550,2004-03-30
1551,2004-03-31
1552,2004-04-01
1553,2004-04-02
1554,2004-04-03
1555,2004-04-04
1556,2004-04-05
1557,2004-04-06
1558,2004-04-07
1559,2004-04-08
1560,2004-04-09
1561,2004-04-10
1562,2004-04-11
1563,2004-04-12
1564,2004-04-13
1565,2004-04-14
1566,2004-04-15
1567,2004-04-16
1568,2004-04-17
1569,2004-04-18
1570,2004-04-19
1571,2004-04-20
1572,2004-04-21
1573,2004-04-22
1574,2004-04-23
1575,2004-04-24
1576,2004-04-25
1577,2004-04-26
1578,2004-04-27
1579,2004-04-28
1580,2004-04-29
1581,2004-04-30
1582,2004-05-01
1583,2004-05-02
1584,2004-05-03
1585,2004-05-04
1586,2004-05-05
1587,2004-05-06
1588,2004-05-07
1589,2004-05-08
1590,2004-05-09
1591,2004-05-10
1592,2004-05-11
1593,2004-05-12
1594,2004-05-13
1595,2004-05-14
1596,2004-05-15
1597,2004-05-16
1598,2004-05-17
1599,2004-05-18
1600,2004-05-19
1601,2004-05-20
1602,2004-05-21
1603,2004-05-22
1604,2004-05-23
1605,2004-05-24
1606,2004-05-25
1607,2004-05-26
1608,2004-05-27
1609,2004-05-28
1610,2004-05-29
1611,2004-05-30
1612,2004-05-31
1613,2004-06-01
1614,2004-06-02
1615,2004-06-03
1616,2004-06-04
1617,2004-06-05
1618,2004-06-06
1619,2004-06-07
1620,2004-06-08
1621,2004-06-09
1622,2004-06-10
1623,2004-06-11
1624,2004-06-12
1625,2004-06-13
1626,2004-06-14
1627,2004-06-15
1628,2004-06-16
1629,2004-06-17
1630,2004-06-18
1631,2004-06-19
1632,2004-06-20
1633,2004-06-21
1634,2004-06-22
1635,2004-06-23
1636,2004-06-24
1637,2004-06-25
1638,2004-06-26
1639,2004-06-27
1640,2004-06-28
1641,2004-06-29
1642,2004-06-30
1643,2004-07-01
1644,2004-07-02
1645,2004-07-03
1646,2004-07-04
1647,2004-07-05
1648,2004-07-06
1649,2004-07-07
1650,2004-07-08
1651,2004-07-09
1652,2004-07-10
1653,2004-07-11
1654,2004-07-12
1655,2004-07-13
1656,2004-07-14
1657,2004-07-15
1658,2004-07-16
1659,2004-07-17
1660,2004-07-18
1661,2004-07-19
1662,2004-07-20
1663,2004-07-21
1664,2004-07-22
1665,2004-07-23
1666,2004-07-24
1667,2004-07-25
1668,2004-07-26
1669,2004-07-27
1670,2004-07-28
1671,2004-07-29
1672,2004-07-30
1673,2004-07-31
1674,2004-08-01
1675,2004-08-02
1676,2004-08-03
1677,2004-08-04
1678,2004-08-05
1679,2004-08-06
1680,2004-08-07
1681,2004-08-08
1682,2004-08-09
1683,2004-08-10
1684,2004-08-11
1685,2004-08-12
1686,2004-08-13
1687,2004-08-14
1688,2004-08-15
1689,2004-08-16
1690,2004-08-17
1691,2004-08-18
1692,2004-08-19
1693,2004-08-20
1694,2004-08-21
1695,2004-08-22
1696,2004-08-23
1697,2004-08-24
1698,2004-08-25
1699,2004-08-26
1700,2004-08-27
1701,2004-08-28
1702,2004-08-29
1703,2004-08-30
1704,2004-08-31
1705,2004-09-01
1706,2004-09-02
1707,2004-09-03
1708,2004-09-04
1709,2004-09-05
1710,2004-09-06
1711,2004-09-07
1712,2004-09-08
1713,2004-09-09
1714,2004-09-10
1715,2004-09-11
1716,2004-09-12
1717,2004-09-13
1718,2004-09-14
1719,2004-09-15
1720,2004-09-16
1721,2004-09-17
1722,2004-09-18
1723,2004-09-19
1724,2004-09-20
1725,2004-09-21
1726,2004-09-22
1727,2004-09-23
1728,2004-09-24
1729,2004-09-25
1730,2004-09-26
1731,2004-09-27
1732,2004-09-28
1733,2004-09-29
1734,2004-09-30
1735,2004-10-01
1736,2004-10-02
1737,2004-10-03
1738,2004-10-04
1739,2004-10-05
1740,2004-10-06
1741,2004-10-07
1742,2004-10-08
1743,2004-10-09
1744,2004-10-10
1745,2004-10-11
1746,2004-10-12
1747,2004-10-13
1748,2004-10-14
1749,2004-10-15
1750,2004-10-16
1751,2004-10-17
1752,2004-10-18
1753,2004-10-19
1754,2004-10-20
1755,2004-10-21
1756,2004-10-22
1757,2004-10-23
1758,2004-10-24
1759,2004-10-25
1760,2004-10-26
1761,2004-10-27
1762,2004-10-28
1763,2004-10-29
1764,2004-10-30
1765,2004-10-31
1766,2004-11-01
1767,2004-11-02
1768,2004-11-03
1769,2004-11-04
1770,2004-11-05
1771,2004-11-06
1772,2004-11-07
1773,2004-11-08
1774,2004-11-09
1775,2004-11-10
1776,2004-11-11
1777,2004-11-12
1778,2004-11-13
1779,2004-11-14
1780,2004-11-15
1781,2004-11-16
1782,2004-11-17
1783,2004-11-18
1784,2004-11-19
1785,2004-11-20
1786,2004-11-21
1787,2004-11-22
1788,2004-11-23
1789,2004-11-24
1790,2004-11-25
1791,2004-11-26
1792,2004-11-27
1793,2004-11-28
1794,2004-11-29
1795,2004-11-30
1796,2004-12-01
1797,2004-12-02
1798,2004-12-03
1799,2004-12-04
1800,2004-12-05
1801,2004-12-06
1802,2004-12-07
1803,2004-12-08
1804,2004-12-09
1805,2004-12-10
1806,2004-12-11
1807,2004-12-12
1808,2004-12-13
1809,2004-12-14
1810,2004-12-15
1811,2004-12-16
1812,2004-12-17
1813,2004-12-18
1814,2004-12-19
1815,2004-12-20
1816,2004-12-21
1817,2004-12-22
1818,2004-12-23
1819,2004-12-24
1820,2004-12-25
1821,2004-12-26
1822,2004-12-27
1823,2004-12-28
1824,2004-12-29
1825,2004-12-30
1826,2004-12-31
1827,2005-01-01
1828,2005-01-02
1829,2005-01-03
1830,2005-01-04
1831,2005-01-05
1832,2005-01-06
1833,2005-01-07
1834,2005-01-08
1835,2005-01-09
1836,2005-01-10
1837,2005-01-11
1838,2005-01-12
1839,2005-01-13
1840,2005-01-14
1841,2005-01-15
1842,2005-01-16
1843,2005-01-17
1844,2005-01-18
1845,2005-01-19
1846,2005-01-20
1847,2005-01-21
1848,2005-01-22
1849,2005-01-23
1850,2005-01-24
1851,2005-01-25
1852,2005-01-26
1853,2005-01-27
1854,2005-01-28
1855,2005-01-29
1856,2005-01-30
1857,2005-01-31
1858,2005-02-01
1859,2005-02-02
1860,2005-02-03
1861,2005-02-04
1862,2005-02-05
1863,2005-02-06
1864,2005-02-07
1865,2005-02-08
1866,2005-02-09
1867,2005-02-10
1868,2005-02-11
1869,2005-02-12
1870,2005-02-13
1871,2005-02-14
1872,2005-02-15
1873,2005-02-16
1874,2005-02-17
1875,2005-02-18
1876,2005-02-19
1877,2005-02-20
1878,2005-02-21
1879,2005-02-22
1880,2005-02-23
1881,2005-02-24
1882,2005-02-25
1883,2005-02-26
1884,2005-02-27
1885,2005-02-28
1886,2005-03-01
1887,2005-03-02
1888,2005-03-03
1889,2005-03-04
1890,2005-03-05
1891,2005-03-06
1892,2005-03-07
1893,2005-03-08
1894,2005-03-09
1895,2005-03-10
1896,2005-03-11
1897,2005-03-12
1898,2005-03-13
1899,2005-03-14
1900,2005-03-15
1901,2005-03-16
1902,2005-03-17
1903,2005-03-18
1904,2005-03-19
1905,2005-03-20
1906,2005-03-21
1907,2005-03-22
1908,2005-03-23
1909,2005-03-24
1910,2005-03-25
1911,2005-03-26
1912,2005-03-27
1913,2005-03-28
1914,2005-03-29
1915,2005-03-30
1916,2005-03-31
1917,2005-04-01
1918,2005-04-02
1919,2005-04-03
1920,2005-04-04
1921,2005-04-05
1922,2005-04-06
1923,2005-04-07
1924,2005-04-08
1925,2005-04-09
1926,2005-04-10
1927,2005-04-11
1928,2005-04-12
1929,2005-04-13
1930,2005-04-14
1931,2005-04-15
1932,2005-04-16
1933,2005-04-17
1934,2005-04-18
1935,2005-04-19
1936,2005-04-20
1937,2005-04-21
1938,2005-04-22
1939,2005-04-23
1940,2005-04-24
1941,2005-04-25
1942,2005-04-26
1943,2005-04-27
1944,2005-04-28
1945,2005-04-29
1946,2005-04-30
1947,2005-05-01
1948,2005-05-02
1949,2005-05-03
1950,2005-05-04
1951,2005-05-05
1952,2005-05-06
1953,2005-05-07
1954,2005-05-08
1955,2005-05-09
1956,2005-05-10
1957,2005-05-11
1958,2005-05-12
1959,2005-05-13
1960,2005-05-14
1961,2005-05-15
1962,2005-05-16
1963,2005-05-17
1964,2005-05-18
1965,2005-05-19
1966,2005-05-20
1967,2005-05-21
1968,2005-05-22
1969,2005-05-23
1970,2005-05-24
1971,2005-05-25
1972,2005-05-26
1973,2005-05-27
1974,2005-05-28
1975,2005-05-29
1976,2005-05-30
1977,2005-05-31
1978,2005-06-01
1979,2005-06-02
1980,2005-06-03
1981,2005-06-04
1982,2005-06-05
1983,2005-06-06
1984,2005-06-07
1985,2005-06-08
1986,2005-06-09
1987,2005-06-10
1988,2005-06-11
1989,2005-06-12
1990,2005-06-13
1991,2005-06-14
1992,2005-06-15
1993,2005-06-16
1994,2005-06-17
1995,2005-06-18
1996,2005-06-19
1997,2005-06-20
1998,2005-06-21
1999,2005-06-22
2000,2005-06-23
2001,2005-06-24
2002,2005-06-25
2003,2005-06-26
2004,2005-06-27
2005,2005-06-28
2006,2005-06-29
2007,2005-06-30
2008,2005-07-01
2009,2005-07-02
2010,2005-07-03
2011,2005-07-04
2012,2005-07-05
2013,2005-07-06
2014,2005-07-07
2015,2005-07-08
2016,2005-07-09
2017,2005-07-10
2018,2005-07-11
2019,2005-07-12
2020,2005-07-13
2021,2005-07-14
2022,2005-07-15
2023,2005-07-16
2024,2005-07-17
2025,2005-07-18
2026,2005-07-19
2027,2005-07-20
2028,2005-07-21
2029,2005-07-22
2030,2005-07-23
2031,2005-07-24
2032,2005-07-25
2033,2005-07-26
2034,2005-07-27
2035,2005-07-28
2036,2005-07-29
2037,2005-07-30
2038,2005-07-31
2039,2005-08-01
2040,2005-08-02
2041,2005-08-03
2042,2005-08-04
2043,2005-08-05
2044,2005-08-06
2045,2005-08-07
2046,2005-08-08
2047,2005-08-09
2048,2005-08-10
2049,2005-08-11
2050,2005-08-12
2051,2005-08-13
2052,2005-08-14
2053,2005-08-15
2054,2005-08-16
2055,2005-08-17
2056,2005-08-18
2057,2005-08-19
2058,2005-08-20
2059,2005-08-21
2060,2005-08-22
2061,2005-08-23
2062,2005-08-24
2063,2005-08-25
2064,2005-08-26
2065,2005-08-27
2066,2005-08-28
2067,2005-08-29
2068,2005-08-30
2069,2005-08-31
2070,2005-09-01
2071,2005-09-02
2072,2005-09-03
2073,2005-09-04
2074,2005-09-05
2075,2005-09-06
2076,2005-09-07
2077,2005-09-08
2078,2005-09-09
2079,2005-09-10
2080,2005-09-11
2081,2005-09-12
2082,2005-09-13
2083,2005-09-14
2084,2005-09-15
2085,2005-09-16
2086,2005-09-17
2087,2005-09-18
2088,2005-09-19
2089,2005-09-20
2090,2005-09-21
2091,2005-09-22
2092,2005-09-23
2093,2005-09-24
2094,2005-09-25
2095,2005-09-26
2096,2005-09-27
2097,2005-09-28
2098,2005-09-29
2099,2005-09-30
2100,2005-10-01
2101,2005-10-02
2102,2005-10-03
2103,2005-10-04
2104,2005-10-05
2105,2005-10-06
2106,2005-10-07
2107,2005-10-08
2108,2005-10-09
2109,2005-10-10
2110,2005-10-11
2111,2005-10-12
2112,2005-10-13
2113,2005-10-14
2114,2005-10-15
2115,2005-10-16
2116,2005-10-17
2117,2005-10-18
2118,2005-10-19
2119,2005-10-20
2120,2005-10-21
2121,2005-10-22
2122,2005-10-23
2123,2005-10-24
2124,2005-10-25
2125,2005-10-26
2126,2005-10-27
2127,2005-10-28
2128,2005-10-29
2129,2005-10-30
2130,2005-10-31
2131,2005-11-01
2132,2005-11-02
2133,2005-11-03
2134,2005-11-04
2135,2005-11-05
2136,2005-11-06
2137,2005-11-07
2138,2005-11-08
2139,2005-11-09
2140,2005-11-10
2141,2005-11-11
2142,2005-11-12
2143,2005-11-13
2144,2005-11-14
2145,2005-11-15
2146,2005-11-16
2147,2005-11-17
2148,2005-11-18
2149,2005-11-19
2150,2005-11-20
2151,2005-11-21
2152,2005-11-22
2153,2005-11-23
2154,2005-11-24
2155,2005-11-25
2156,2005-11-26
2157,2005-11-27
2158,2005-11-28
2159,2005-11-29
2160,2005-11-30
2161,2005-12-01
2162,2005-12-02
2163,2005-12-03
2164,2005-12-04
2165,2005-12-05
2166,2005-12-06
2167,2005-12-07
2168,2005-12-08
2169,2005-12-09
2170,2005-12-10
2171,2005-12-11
2172,2005-12-12
2173,2005-12-13
2174,2005-12-14
2175,2005-12-15
2176,2005-12-16
2177,2005-12-17
2178,2005-12-18
2179,2005-12-19
2180,2005-12-20
2181,2005-12-21
2182,2005-12-22
2183,2005-12-23
2184,2005-12-24
2185,2005-12-25
2186,2005-12-26
2187,2005-12-27
2188,2005-12-28
2189,2005-12-29
2190,2005-12-30
2191,2005-12-31
2192,2006-01-01
2193,2006-01-02
2194,2006-01-03
2195,2006-01-04
2196,2006-01-05
2197,2006-01-06
2198,2006-01-07
2199,2006-01-08
2200,2006-01-09
2201,2006-01-10
2202,2006-01-11
2203,2006-01-12
2204,2006-01-13
2205,2006-01-14
2206,2006-01-15
2207,2006-01-16
2208,2006-01-17
2209,2006-01-18
2210,2006-01-19
2211,2006-01-20
2212,2006-01-21
2213,2006-01-22
2214,2006-01-23
2215,2006-01-24
2216,2006-01-25
2217,2006-01-26
2218,2006-01-27
2219,2006-01-28
2220,2006-01-29
2221,2006-01-30
2222,2006-01-31
2223,2006-02-01
2224,2006-02-02
2225,2006-02-03
2226,2006-02-04
2227,2006-02-05
2228,2006-02-06
2229,2006-02-07
2230,2006-02-08
2231,2006-02-09
2232,2006-02-10
2233,2006-02-11
2234,2006-02-12
2235,2006-02-13
2236,2006-02-14
2237,2006-02-15
2238,2006-02-16
2239,2006-02-17
2240,2006-02-18
2241,2006-02-19
2242,2006-02-20
2243,2006-02-21
2244,2006-02-22
2245,2006-02-23
2246,2006-02-24
2247,2006-02-25
2248,2006-02-26
2249,2006-02-27
2250,2006-02-28
2251,2006-03-01
2252,2006-03-02
2253,2006-03-03
2254,2006-03-04
2255,2006-03-05
2256,2006-03-06
2257,2006-03-07
2258,2006-03-08
2259,2006-03-09
2260,2006-03-10
2261,2006-03-11
2262,2006-03-12
2263,2006-03-13
2264,2006-03-14
2265,2006-03-15
2266,2006-03-16
2267,2006-03-17
2268,2006-03-18
2269,2006-03-19
2270,2006-03-20
2271,2006-03-21
2272,2006-03-22
2273,2006-03-23
2274,2006-03-24
2275,2006-03-25
2276,2006-03-26
2277,2006-03-27
2278,2006-03-28
2279,2006-03-29
2280,2006-03-30
2281,2006-03-31
2282,2006-04-01
2283,2006-04-02
2284,2006-04-03
2285,2006-04-04
2286,2006-04-05
2287,2006-04-06
2288,2006-04-07
2289,2006-04-08
2290,2006-04-09
2291,2006-04-10
2292,2006-04-11
2293,2006-04-12
2294,2006-04-13
2295,2006-04-14
2296,2006-04-15
2297,2006-04-16
2298,2006-04-17
2299,2006-04-18
2300,2006-04-19
2301,2006-04-20
2302,2006-04-21
2303,2006-04-22
2304,2006-04-23
2305,2006-04-24
2306,2006-04-25
2307,2006-04-26
2308,2006-04-27
2309,2006-04-28
2310,2006-04-29
2311,2006-04-30
2312,2006-05-01
2313,2006-05-02
2314,2006-05-03
2315,2006-05-04
2316,2006-05-05
2317,2006-05-06
2318,2006-05-07
2319,2006-05-08
2320,2006-05-09
2321,2006-05-10
2322,2006-05-11
2323,2006-05-12
2324,2006-05-13
2325,2006-05-14
2326,2006-05-15
2327,2006-05-16
2328,2006-05-17
2329,2006-05-18
2330,2006-05-19
2331,2006-05-20
2332,2006-05-21
2333,2006-05-22
2334,2006-05-23
2335,2006-05-24
2336,2006-05-25
2337,2006-05-26
2338,2006-05-27
2339,2006-05-28
2340,2006-05-29
2341,2006-05-30
2342,2006-05-31
2343,2006-06-01
2344,2006-06-02
2345,2006-06-03
2346,2006-06-04
2347,2006-06-05
2348,2006-06-06
2349,2006-06-07
2350,2006-06-08
2351,2006-06-09
2352,2006-06-10
2353,2006-06-11
2354,2006-06-12
2355,2006-06-13
2356,2006-06-14
2357,2006-06-15
2358,2006-06-16
2359,2006-06-17
2360,2006-06-18
2361,2006-06-19
2362,2006-06-20
2363,2006-06-21
2364,2006-06-22
2365,2006-06-23
2366,2006-06-24
2367,2006-06-25
2368,2006-06-26
2369,2006-06-27
2370,2006-06-28
2371,2006-06-29
2372,2006-06-30
2373,2006-07-01
2374,2006-07-02
2375,2006-07-03
2376,2006-07-04
2377,2006-07-05
2378,2006-07-06
2379,2006-07-07
2380,2006-07-08
2381,2006-07-09
2382,2006-07-10
2383,2006-07-11
2384,2006-07-12
2385,2006-07-13
2386,2006-07-14
2387,2006-07-15
2388,2006-07-16
2389,2006-07-17
2390,2006-07-18
2391,2006-07-19
2392,2006-07-20
2393,2006-07-21
2394,2006-07-22
2395,2006-07-23
2396,2006-07-24
2397,2006-07-25
2398,2006-07-26
2399,2006-07-27
2400,2006-07-28
2401,2006-07-29
2402,2006-07-30
2403,2006-07-31
2404,2006-08-01
2405,2006-08-02
2406,2006-08-03
2407,2006-08-04
2408,2006-08-05
2409,2006-08-06
2410,2006-08-07
2411,2006-08-08
2412,2006-08-09
2413,2006-08-10
2414,2006-08-11
2415,2006-08-12
2416,2006-08-13
2417,2006-08-14
2418,2006-08-15
2419,2006-08-16
2420,2006-08-17
2421,2006-08-18
2422,2006-08-19
2423,2006-08-20
2424,2006-08-21
2425,2006-08-22
2426,2006-08-23
2427,2006-08-24
2428,2006-08-25
2429,2006-08-26
2430,2006-08-27
2431,2006-08-28
2432,2006-08-29
2433,2006-08-30
2434,2006-08-31
2435,2006-09-01
2436,2006-09-02
2437,2006-09-03
2438,2006-09-04
2439,2006-09-05
2440,2006-09-06
2441,2006-09-07
2442,2006-09-08
2443,2006-09-09
2444,2006-09-10
2445,2006-09-11
2446,2006-09-12
2447,2006-09-13
2448,2006-09-14
2449,2006-09-15
2450,2006-09-16
2451,2006-09-17
2452,2006-09-18
2453,2006-09-19
2454,2006-09-20
2455,2006-09-21
2456,2006-09-22
2457,2006-09-23
2458,2006-09-24
2459,2006-09-25
2460,2006-09-26
2461,2006-09-27
2462,2006-09-28
2463,2006-09-29
2464,2006-09-30
2465,2006-10-01
2466,2006-10-02
2467,2006-10-03
2468,2006-10-04
2469,2006-10-05
2470,2006-10-06
2471,2006-10-07
2472,2006-10-08
2473,2006-10-09
2474,2006-10-10
2475,2006-10-11
2476,2006-10-12
2477,2006-10-13
2478,2006-10-14
2479,2006-10-15
2480,2006-10-16
2481,2006-10-17
2482,2006-10-18
2483,2006-10-19
2484,2006-10-20
2485,2006-10-21
2486,2006-10-22
2487,2006-10-23
2488,2006-10-24
2489,2006-10-25
2490,2006-10-26
2491,2006-10-27
2492,2006-10-28
2493,2006-10-29
2494,2006-10-30
2495,2006-10-31
2496,2006-11-01
2497,2006-11-02
2498,2006-11-03
2499,2006-11-04
2500,2006-11-05
2501,2006-11-06
2502,2006-11-07
2503,2006-11-08
2504,2006-11-09
2505,2006-11-10
2506,2006-11-11
2507,2006-11-12
2508,2006-11-13
2509,2006-11-14
2510,2006-11-15
2511,2006-11-16
2512,2006-11-17
2513,2006-11-18
2514,2006-11-19
2515,2006-11-20
2516,2006-11-21
2517,2006-11-22
2518,2006-11-23
2519,2006-11-24
2520,2006-11-25
2521,2006-11-26
2522,2006-11-27
2523,2006-11-28
2524,2006-11-29
2525,2006-11-30
2526,2006-12-01
2527,2006-12-02
2528,2006-12-03
2529,2006-12-04
2530,2006-12-05
2531,2006-12-06
2532,2006-12-07
2533,2006-12-08
2534,2006-12-09
2535,2006-12-10
2536,2006-12-11
2537,2006-12-12
2538,2006-12-13
2539,2006-12-14
2540,2006-12-15
2541,2006-12-16
2542,2006-12-17
2543,2006-12-18
2544,2006-12-19
2545,2006-12-20
2546,2006-12-21
2547,2006-12-22
2548,2006-12-23
2549,2006-12-24
2550,2006-12-25
2551,2006-12-26
2552,2006-12-27
2553,2006-12-28
2554,2006-12-29
2555,2006-12-30
2556,2006-12-31
2557,2007-01-01
2558,2007-01-02
2559,2007-01-03
2560,2007-01-04
2561,2007-01-05
2562,2007-01-06
2563,2007-01-07
2564,2007-01-08
2565,2007-01-09
2566,2007-01-10
2567,2007-01-11
2568,2007-01-12
2569,2007-01-13
2570,2007-01-14
2571,2007-01-15
2572,2007-01-16
2573,2007-01-17
2574,2007-01-18
2575,2007-01-19
2576,2007-01-20
2577,2007-01-21
2578,2007-01-22
2579,2007-01-23
2580,2007-01-24
2581,2007-01-25
2582,2007-01-26
2583,2007-01-27
2584,2007-01-28
2585,2007-01-29
2586,2007-01-30
2587,2007-01-31
2588,2007-02-01
2589,2007-02-02
2590,2007-02-03
2591,2007-02-04
2592,2007-02-05
2593,2007-02-06
2594,2007-02-07
2595,2007-02-08
2596,2007-02-09
2597,2007-02-10
2598,2007-02-11
2599,2007-02-12
2600,2007-02-13
2601,2007-02-14
2602,2007-02-15
2603,2007-02-16
2604,2007-02-17
2605,2007-02-18
2606,2007-02-19
2607,2007-02-20
2608,2007-02-21
2609,2007-02-22
2610,2007-02-23
2611,2007-02-24
2612,2007-02-25
2613,2007-02-26
2614,2007-02-27
2615,2007-02-28
2616,2007-03-01
2617,2007-03-02
2618,2007-03-03
2619,2007-03-04
2620,2007-03-05
2621,2007-03-06
2622,2007-03-07
2623,2007-03-08
2624,2007-03-09
2625,2007-03-10
2626,2007-03-11
2627,2007-03-12
2628,2007-03-13
2629,2007-03-14
2630,2007-03-15
2631,2007-03-16
2632,2007-03-17
2633,2007-03-18
2634,2007-03-19
2635,2007-03-20
2636,2007-03-21
2637,2007-03-22
2638,2007-03-23
2639,2007-03-24
2640,2007-03-25
2641,2007-03-26
2642,2007-03-27
2643,2007-03-28
2644,2007-03-29
2645,2007-03-30
2646,2007-03-31
2647,2007-04-01
2648,2007-04-02
2649,2007-04-03
2650,2007-04-04
2651,2007-04-05
2652,2007-04-06
2653,2007-04-07
2654,2007-04-08
2655,2007-04-09
2656,2007-04-10
2657,2007-04-11
2658,2007-04-12
2659,2007-04-13
2660,2007-04-14
2661,2007-04-15
2662,2007-04-16
2663,2007-04-17
2664,2007-04-18
2665,2007-04-19
2666,2007-04-20
2667,2007-04-21
2668,2007-04-22
2669,2007-04-23
2670,2007-04-24
2671,2007-04-25
2672,2007-04-26
2673,2007-04-27
2674,2007-04-28
2675,2007-04-29
2676,2007-04-30
2677,2007-05-01
2678,2007-05-02
2679,2007-05-03
2680,2007-05-04
2681,2007-05-05
2682,2007-05-06
2683,2007-05-07
2684,2007-05-08
2685,2007-05-09
2686,2007-05-10
2687,2007-05-11
2688,2007-05-12
2689,2007-05-13
2690,2007-05-14
2691,2007-05-15
2692,2007-05-16
2693,2007-05-17
2694,2007-05-18
2695,2007-05-19
2696,2007-05-20
2697,2007-05-21
2698,2007-05-22
2699,2007-05-23
2700,2007-05-24
2701,2007-05-25
2702,2007-05-26
2703,2007-05-27
2704,2007-05-28
2705,2007-05-29
2706,2007-05-30
2707,2007-05-31
2708,2007-06-01
2709,2007-06-02
2710,2007-06-03
2711,2007-06-04
2712,2007-06-05
2713,2007-06-06
2714,2007-06-07
2715,2007-06-08
2716,2007-06-09
2717,2007-06-10
2718,2007-06-11
2719,2007-06-12
2720,2007-06-13
2721,2007-06-14
2722,2007-06-15
2723,2007-06-16
2724,2007-06-17
2725,2007-06-18
2726,2007-06-19
2727,2007-06-20
2728,2007-06-21
2729,2007-06-22
2730,2007-06-23
2731,2007-06-24
2732,2007-06-25
2733,2007-06-26
2734,2007-06-27
2735,2007-06-28
2736,2007-06-29
2737,2007-06-30
2738,2007-07-01
2739,2007-07-02
2740,2007-07-03
2741,2007-07-04
2742,2007-07-05
2743,2007-07-06
2744,2007-07-07
2745,2007-07-08
2746,2007-07-09
2747,2007-07-10
2748,2007-07-11
2749,2007-07-12
2750,2007-07-13
2751,2007-07-14
2752,2007-07-15
2753,2007-07-16
2754,2007-07-17
2755,2007-07-18
2756,2007-07-19
2757,2007-07-20
2758,2007-07-21
2759,2007-07-22
2760,2007-07-23
2761,2007-07-24
2762,2007-07-25
2763,2007-07-26
2764,2007-07-27
2765,2007-07-28
2766,2007-07-29
2767,2007-07-30
2768,2007-07-31
2769,2007-08-01
2770,2007-08-02
2771,2007-08-03
2772,2007-08-04
2773,2007-08-05
2774,2007-08-06
2775,2007-08-07
2776,2007-08-08
2777,2007-08-09
2778,2007-08-10
2779,2007-08-11
2780,2007-08-12
2781,2007-08-13
2782,2007-08-14
2783,2007-08-15
2784,2007-08-16
2785,2007-08-17
2786,2007-08-18
2787,2007-08-19
2788,2007-08-20
2789,2007-08-21
2790,2007-08-22
2791,2007-08-23
2792,2007-08-24
2793,2007-08-25
2794,2007-08-26
2795,2007-08-27
2796,2007-08-28
2797,2007-08-29
2798,2007-08-30
2799,2007-08-31
2800,2007-09-01
2801,2007-09-02
2802,2007-09-03
2803,2007-09-04
2804,2007-09-05
2805,2007-09-06
2806,2007-09-07
2807,2007-09-08
2808,2007-09-09
2809,2007-09-10
2810,2007-09-11
2811,2007-09-12
2812,2007-09-13
2813,2007-09-14
2814,2007-09-15
2815,2007-09-16
2816,2007-09-17
2817,2007-09-18
2818,2007-09-19
2819,2007-09-20
2820,2007-09-21
2821,2007-09-22
2822,2007-09-23
2823,2007-09-24
2824,2007-09-25
2825,2007-09-26
2826,2007-09-27
2827,2007-09-28
2828,2007-09-29
2829,2007-09-30
2830,2007-10-01
2831,2007-10-02
2832,2007-10-03
2833,2007-10-04
2834,2007-10-05
2835,2007-10-06
2836,2007-10-07
2837,2007-10-08
2838,2007-10-09
2839,2007-10-10
2840,2007-10-11
2841,2007-10-12
2842,2007-10-13
2843,2007-10-14
2844,2007-10-15
2845,2007-10-16
2846,2007-10-17
2847,2007-10-18
2848,2007-10-19
2849,2007-10-20
2850,2007-10-21
2851,2007-10-22
2852,2007-10-23
2853,2007-10-24
2854,2007-10-25
2855,2007-10-26
2856,2007-10-27
2857,2007-10-28
2858,2007-10-29
2859,2007-10-30
2860,2007-10-31
2861,2007-11-01
2862,2007-11-02
2863,2007-11-03
2864,2007-11-04
2865,2007-11-05
2866,2007-11-06
2867,2007-11-07
2868,2007-11-08
2869,2007-11-09
2870,2007-11-10
2871,2007-11-11
2872,2007-11-12
2873,2007-11-13
2874,2007-11-14
2875,2007-11-15
2876,2007-11-16
2877,2007-11-17
2878,2007-11-18
2879,2007-11-19
2880,2007-11-20
2881,2007-11-21
2882,2007-11-22
2883,2007-11-23
2884,2007-11-24
2885,2007-11-25
2886,2007-11-26
2887,2007-11-27
2888,2007-11-28
2889,2007-11-29
2890,2007-11-30
2891,2007-12-01
2892,2007-12-02
2893,2007-12-03
2894,2007-12-04
2895,2007-12-05
2896,2007-12-06
2897,2007-12-07
2898,2007-12-08
2899,2007-12-09
2900,2007-12-10
2901,2007-12-11
2902,2007-12-12
2903,2007-12-13
2904,2007-12-14
2905,2007-12-15
2906,2007-12-16
2907,2007-12-17
2908,2007-12-18
2909,2007-12-19
2910,2007-12-20
2911,2007-12-21
2912,2007-12-22
2913,2007-12-23
2914,2007-12-24
2915,2007-12-25
2916,2007-12-26
2917,2007-12-27
2918,2007-12-28
2919,2007-12-29
2920,2007-12-30
2921,2007-12-31
2922,2008-01-01
2923,2008-01-02
2924,2008-01-03
2925,2008-01-04
2926,2008-01-05
2927,2008-01-06
2928,2008-01-07
2929,2008-01-08
2930,2008-01-09
2931,2008-01-10
2932,2008-01-11
2933,2008-01-12
2934,2008-01-13
2935,2008-01-14
2936,2008-01-15
2937,2008-01-16
2938,2008-01-17
2939,2008-01-18
2940,2008-01-19
2941,2008-01-20
2942,2008-01-21
2943,2008-01-22
2944,2008-01-23
2945,2008-01-24
2946,2008-01-25
2947,2008-01-26
2948,2008-01-27
2949,2008-01-28
2950,2008-01-29
2951,2008-01-30
2952,2008-01-31
2953,2008-02-01
2954,2008-02-02
2955,2008-02-03
2956,2008-02-04
2957,2008-02-05
2958,2008-02-06
2959,2008-02-07
2960,2008-02-08
2961,2008-02-09
2962,2008-02-10
2963,2008-02-11
2964,2008-02-12
2965,2008-02-13
2966,2008-02-14
2967,2008-02-15
2968,2008-02-16
2969,2008-02-17
2970,2008-02-18
2971,2008-02-19
2972,2008-02-20
2973,2008-02-21
2974,2008-02-22
2975,2008-02-23
2976,2008-02-24
2977,2008-02-25
2978,2008-02-26
2979,2008-02-27
2980,2008-02-28
2981,2008-02-29
2982,2008-03-01
2983,2008-03-02
2984,2008-03-03
2985,2008-03-04
2986,2008-03-05
2987,2008-03-06
2988,2008-03-07
2989,2008-03-08
2990,2008-03-09
2991,2008-03-10
2992,2008-03-11
2993,2008-03-12
2994,2008-03-13
2995,2008-03-14
2996,2008-03-15
2997,2008-03-16
2998,2008-03-17
2999,2008-03-18
3000,2008-03-19
3001,2008-03-20
3002,2008-03-21
3003,2008-03-22
3004,2008-03-23
3005,2008-03-24
3006,2008-03-25
3007,2008-03-26
3008,2008-03-27
3009,2008-03-28
3010,2008-03-29
3011,2008-03-30
3012,2008-03-31
3013,2008-04-01
3014,2008-04-02
3015,2008-04-03
3016,2008-04-04
3017,2008-04-05
3018,2008-04-06
3019,2008-04-07
3020,2008-04-08
3021,2008-04-09
3022,2008-04-10
3023,2008-04-11
3024,2008-04-12
3025,2008-04-13
3026,2008-04-14
3027,2008-04-15
3028,2008-04-16
3029,2008-04-17
3030,2008-04-18
3031,2008-04-19
3032,2008-04-20
3033,2008-04-21
3034,2008-04-22
3035,2008-04-23
3036,2008-04-24
3037,2008-04-25
3038,2008-04-26
3039,2008-04-27
3040,2008-04-28
3041,2008-04-29
3042,2008-04-30
3043,2008-05-01
3044,2008-05-02
3045,2008-05-03
3046,2008-05-04
3047,2008-05-05
3048,2008-05-06
3049,2008-05-07
3050,2008-05-08
3051,2008-05-09
3052,2008-05-10
3053,2008-05-11
3054,2008-05-12
3055,2008-05-13
3056,2008-05-14
3057,2008-05-15
3058,2008-05-16
3059,2008-05-17
3060,2008-05-18
3061,2008-05-19
3062,2008-05-20
3063,2008-05-21
3064,2008-05-22
3065,2008-05-23
3066,2008-05-24
3067,2008-05-25
3068,2008-05-26
3069,2008-05-27
3070,2008-05-28
3071,2008-05-29
3072,2008-05-30
3073,2008-05-31
3074,2008-06-01
3075,2008-06-02
3076,2008-06-03
3077,2008-06-04
3078,2008-06-05
3079,2008-06-06
3080,2008-06-07
3081,2008-06-08
3082,2008-06-09
3083,2008-06-10
3084,2008-06-11
3085,2008-06-12
3086,2008-06-13
3087,2008-06-14
3088,2008-06-15
3089,2008-06-16
3090,2008-06-17
3091,2008-06-18
3092,2008-06-19
3093,2008-06-20
3094,2008-06-21
3095,2008-06-22
3096,2008-06-23
3097,2008-06-24
3098,2008-06-25
3099,2008-06-26
3100,2008-06-27
3101,2008-06-28
3102,2008-06-29
3103,2008-06-30
3104,2008-07-01
3105,2008-07-02
3106,2008-07-03
3107,2008-07-04
3108,2008-07-05
3109,2008-07-06
3110,2008-07-07
3111,2008-07-08
3112,2008-07-09
3113,2008-07-10
3114,2008-07-11
3115,2008-07-12
3116,2008-07-13
3117,2008-07-14
3118,2008-07-15
3119,2008-07-16
3120,2008-07-17
3121,2008-07-18
3122,2008-07-19
3123,2008-07-20
3124,2008-07-21
3125,2008-07-22
3126,2008-07-23
3127,2008-07-24
3128,2008-07-25
3129,2008-07-26
3130,2008-07-27
3131,2008-07-28
3132,2008-07-29
3133,2008-07-30
3134,2008-07-31
3135,2008-08-01
3136,2008-08-02
3137,2008-08-03
3138,2008-08-04
3139,2008-08-05
3140,2008-08-06
3141,2008-08-07
3142,2008-08-08
3143,2008-08-09
3144,2008-08-10
3145,2008-08-11
3146,2008-08-12
3147,2008-08-13
3148,2008-08-14
3149,2008-08-15
3150,2008-08-16
3151,2008-08-17
3152,2008-08-18
3153,2008-08-19
3154,2008-08-20
3155,2008-08-21
3156,2008-08-22
3157,2008-08-23
3158,2008-08-24
3159,2008-08-25
3160,2008-08-26
3161,2008-08-27
3162,2008-08-28
3163,2008-08-29
3164,2008-08-30
3165,2008-08-31
3166,2008-09-01
3167,2008-09-02
3168,2008-09-03
3169,2008-09-04
3170,2008-09-05
3171,2008-09-06
3172,2008-09-07
3173,2008-09-08
3174,2008-09-09
3175,2008-09-10
3176,2008-09-11
3177,2008-09-12
3178,2008-09-13
3179,2008-09-14
3180,2008-09-15
3181,2008-09-16
3182,2008-09-17
3183,2008-09-18
3184,2008-09-19
3185,2008-09-20
3186,2008-09-21
3187,2008-09-22
3188,2008-09-23
3189,2008-09-24
3190,2008-09-25
3191,2008-09-26
3192,2008-09-27
3193,2008-09-28
3194,2008-09-29
3195,2008-09-30
3196,2008-10-01
3197,2008-10-02
3198,2008-10-03
3199,2008-10-04
3200,2008-10-05
3201,2008-10-06
3202,2008-10-07
3203,2008-10-08
3204,2008-10-09
3205,2008-10-10
3206,2008-10-11
3207,2008-10-12
3208,2008-10-13
3209,2008-10-14
3210,2008-10-15
3211,2008-10-16
3212,2008-10-17
3213,2008-10-18
3214,2008-10-19
3215,2008-10-20
3216,2008-10-21
3217,2008-10-22
3218,2008-10-23
3219,2008-10-24
3220,2008-10-25
3221,2008-10-26
3222,2008-10-27
3223,2008-10-28
3224,2008-10-29
3225,2008-10-30
3226,2008-10-31
3227,2008-11-01
3228,2008-11-02
3229,2008-11-03
3230,2008-11-04
3231,2008-11-05
3232,2008-11-06
3233,2008-11-07
3234,2008-11-08
3235,2008-11-09
3236,2008-11-10
3237,2008-11-11
3238,2008-11-12
3239,2008-11-13
3240,2008-11-14
3241,2008-11-15
3242,2008-11-16
3243,2008-11-17
3244,2008-11-18
3245,2008-11-19
3246,2008-11-20
3247,2008-11-21
3248,2008-11-22
3249,2008-11-23
3250,2008-11-24
3251,2008-11-25
3252,2008-11-26
3253,2008-11-27
3254,2008-11-28
3255,2008-11-29
3256,2008-11-30
3257,2008-12-01
3258,2008-12-02
3259,2008-12-03
3260,2008-12-04
3261,2008-12-05
3262,2008-12-06
3263,2008-12-07
3264,2008-12-08
3265,2008-12-09
3266,2008-12-10
3267,2008-12-11
3268,2008-12-12
3269,2008-12-13
3270,2008-12-14
3271,2008-12-15
3272,2008-12-16
3273,2008-12-17
3274,2008-12-18
3275,2008-12-19
3276,2008-12-20
3277,2008-12-21
3278,2008-12-22
3279,2008-12-23
3280,2008-12-24
3281,2008-12-25
3282,2008-12-26
3283,2008-12-27
3284,2008-12-28
3285,2008-12-29
3286,2008-12-30
3287,2008-12-31
3288,2009-01-01
3289,2009-01-02
3290,2009-01-03
3291,2009-01-04
3292,2009-01-05
3293,2009-01-06
3294,2009-01-07
3295,2009-01-08
3296,2009-01-09
3297,2009-01-10
3298,2009-01-11
3299,2009-01-12
3300,2009-01-13
3301,2009-01-14
3302,2009-01-15
3303,2009-01-16
3304,2009-01-17
3305,2009-01-18
3306,2009-01-19
3307,2009-01-20
3308,2009-01-21
3309,2009-01-22
3310,2009-01-23
3311,2009-01-24
3312,2009-01-25
3313,2009-01-26
3314,2009-01-27
3315,2009-01-28
3316,2009-01-29
3317,2009-01-30
3318,2009-01-31
3319,2009-02-01
3320,2009-02-02
3321,2009-02-03
3322,2009-02-04
3323,2009-02-05
3324,2009-02-06
3325,2009-02-07
3326,2009-02-08
3327,2009-02-09
3328,2009-02-10
3329,2009-02-11
3330,2009-02-12
3331,2009-02-13
3332,2009-02-14
3333,2009-02-15
3334,2009-02-16
3335,2009-02-17
3336,2009-02-18
3337,2009-02-19
3338,2009-02-20
3339,2009-02-21
3340,2009-02-22
3341,2009-02-23
3342,2009-02-24
3343,2009-02-25
3344,2009-02-26
3345,2009-02-27
3346,2009-02-28
3347,2009-03-01
3348,2009-03-02
3349,2009-03-03
3350,2009-03-04
3351,2009-03-05
3352,2009-03-06
3353,2009-03-07
3354,2009-03-08
3355,2009-03-09
3356,2009-03-10
3357,2009-03-11
3358,2009-03-12
3359,2009-03-13
3360,2009-03-14
3361,2009-03-15
3362,2009-03-16
3363,2009-03-17
3364,2009-03-18
3365,2009-03-19
3366,2009-03-20
3367,2009-03-21
3368,2009-03-22
3369,2009-03-23
3370,2009-03-24
3371,2009-03-25
3372,2009-03-26
3373,2009-03-27
3374,2009-03-28
3375,2009-03-29
3376,2009-03-30
3377,2009-03-31
3378,2009-04-01
3379,2009-04-02
3380,2009-04-03
3381,2009-04-04
3382,2009-04-05
3383,2009-04-06
3384,2009-04-07
3385,2009-04-08
3386,2009-04-09
3387,2009-04-10
3388,2009-04-11
3389,2009-04-12
3390,2009-04-13
3391,2009-04-14
3392,2009-04-15
3393,2009-04-16
3394,2009-04-17
3395,2009-04-18
3396,2009-04-19
3397,2009-04-20
3398,2009-04-21
3399,2009-04-22
3400,2009-04-23
3401,2009-04-24
3402,2009-04-25
3403,2009-04-26
3404,2009-04-27
3405,2009-04-28
3406,2009-04-29
3407,2009-04-30
3408,2009-05-01
3409,2009-05-02
3410,2009-05-03
3411,2009-05-04
3412,2009-05-05
3413,2009-05-06
3414,2009-05-07
3415,2009-05-08
3416,2009-05-09
3417,2009-05-10
3418,2009-05-11
3419,2009-05-12
3420,2009-05-13
3421,2009-05-14
3422,2009-05-15
3423,2009-05-16
3424,2009-05-17
3425,2009-05-18
3426,2009-05-19
3427,2009-05-20
3428,2009-05-21
3429,2009-05-22
3430,2009-05-23
3431,2009-05-24
3432,2009-05-25
3433,2009-05-26
3434,2009-05-27
3435,2009-05-28
3436,2009-05-29
3437,2009-05-30
3438,2009-05-31
3439,2009-06-01
3440,2009-06-02
3441,2009-06-03
3442,2009-06-04
3443,2009-06-05
3444,2009-06-06
3445,2009-06-07
3446,2009-06-08
3447,2009-06-09
3448,2009-06-10
3449,2009-06-11
3450,2009-06-12
3451,2009-06-13
3452,2009-06-14
3453,2009-06-15
3454,2009-06-16
3455,2009-06-17
3456,2009-06-18
3457,2009-06-19
3458,2009-06-20
3459,2009-06-21
3460,2009-06-22
3461,2009-06-23
3462,2009-06-24
3463,2009-06-25
3464,2009-06-26
3465,2009-06-27
3466,2009-06-28
3467,2009-06-29
3468,2009-06-30
3469,2009-07-01
3470,2009-07-02
3471,2009-07-03
3472,2009-07-04
3473,2009-07-05
3474,2009-07-06
3475,2009-07-07
3476,2009-07-08
3477,2009-07-09
3478,2009-07-10
3479,2009-07-11
3480,2009-07-12
3481,2009-07-13
3482,2009-07-14
3483,2009-07-15
3484,2009-07-16
3485,2009-07-17
3486,2009-07-18
3487,2009-07-19
3488,2009-07-20
3489,2009-07-21
3490,2009-07-22
3491,2009-07-23
3492,2009-07-24
3493,2009-07-25
3494,2009-07-26
3495,2009-07-27
3496,2009-07-28
3497,2009-07-29
3498,2009-07-30
3499,2009-07-31
3500,2009-08-01
3501,2009-08-02
3502,2009-08-03
3503,2009-08-04
3504,2009-08-05
3505,2009-08-06
3506,2009-08-07
3507,2009-08-08
3508,2009-08-09
3509,2009-08-10
3510,2009-08-11
3511,2009-08-12
3512,2009-08-13
3513,2009-08-14
3514,2009-08-15
3515,2009-08-16
3516,2009-08-17
3517,2009-08-18
3518,2009-08-19
3519,2009-08-20
3520,2009-08-21
3521,2009-08-22
3522,2009-08-23
3523,2009-08-24
3524,2009-08-25
3525,2009-08-26
3526,2009-08-27
3527,2009-08-28
3528,2009-08-29
3529,2009-08-30
3530,2009-08-31
3531,2009-09-01
3532,2009-09-02
3533,2009-09-03
3534,2009-09-04
3535,2009-09-05
3536,2009-09-06
3537,2009-09-07
3538,2009-09-08
3539,2009-09-09
3540,2009-09-10
3541,2009-09-11
3542,2009-09-12
3543,2009-09-13
3544,2009-09-14
3545,2009-09-15
3546,2009-09-16
3547,2009-09-17
3548,2009-09-18
3549,2009-09-19
3550,2009-09-20
3551,2009-09-21
3552,2009-09-22
3553,2009-09-23
3554,2009-09-24
3555,2009-09-25
3556,2009-09-26
3557,2009-09-27
3558,2009-09-28
3559,2009-09-29
3560,2009-09-30
3561,2009-10-01
3562,2009-10-02
3563,2009-10-03
3564,2009-10-04
3565,2009-10-05
3566,2009-10-06
3567,2009-10-07
3568,2009-10-08
3569,2009-10-09
3570,2009-10-10
3571,2009-10-11
3572,2009-10-12
3573,2009-10-13
3574,2009-10-14
3575,2009-10-15
3576,2009-10-16
3577,2009-10-17
3578,2009-10-18
3579,2009-10-19
3580,2009-10-20
3581,2009-10-21
3582,2009-10-22
3583,2009-10-23
3584,2009-10-24
3585,2009-10-25
3586,2009-10-26
3587,2009-10-27
3588,2009-10-28
3589,2009-10-29
3590,2009-10-30
3591,2009-10-31
3592,2009-11-01
3593,2009-11-02
3594,2009-11-03
3595,2009-11-04
3596,2009-11-05
3597,2009-11-06
3598,2009-11-07
3599,2009-11-08
3600,2009-11-09
3601,2009-11-10
3602,2009-11-11
3603,2009-11-12
3604,2009-11-13
3605,2009-11-14
3606,2009-11-15
3607,2009-11-16
3608,2009-11-17
3609,2009-11-18
3610,2009-11-19
3611,2009-11-20
3612,2009-11-21
3613,2009-11-22
3614,2009-11-23
3615,2009-11-24
3616,2009-11-25
3617,2009-11-26
3618,2009-11-27
3619,2009-11-28
3620,2009-11-29
3621,2009-11-30
3622,2009-12-01
3623,2009-12-02
3624,2009-12-03
3625,2009-12-04
3626,2009-12-05
3627,2009-12-06
3628,2009-12-07
3629,2009-12-08
3630,2009-12-09
3631,2009-12-10
3632,2009-12-11
3633,2009-12-12
3634,2009-12-13
3635,2009-12-14
3636,2009-12-15
3637,2009-12-16
3638,2009-12-17
3639,2009-12-18
3640,2009-12-19
3641,2009-12-20
3642,2009-12-21
3643,2009-12-22
3644,2009-12-23
3645,2009-12-24
3646,2009-12-25
3647,2009-12-26
3648,2009-12-27
3649,2009-12-28
3650,2009-12-29
3651,2009-12-30
3652,2009-12-31
3653,2010-01-01
3654,2010-01-02
3655,2010-01-03
3656,2010-01-04
3657,2010-01-05
3658,2010-01-06
3659,2010-01-07
3660,2010-01-08
3661,2010-01-09
3662,2010-01-10
3663,2010-01-11
3664,2010-01-12
3665,2010-01-13
3666,2010-01-14
3667,2010-01-15
3668,2010-01-16
3669,2010-01-17
3670,2010-01-18
3671,2010-01-19
3672,2010-01-20
3673,2010-01-21
3674,2010-01-22
3675,2010-01-23
3676,2010-01-24
3677,2010-01-25
3678,2010-01-26
3679,2010-01-27
3680,2010-01-28
3681,2010-01-29
3682,2010-01-30
3683,2010-01-31
3684,2010-02-01
3685,2010-02-02
3686,2010-02-03
3687,2010-02-04
3688,2010-02-05
3689,2010-02-06
3690,2010-02-07
3691,2010-02-08
3692,2010-02-09
3693,2010-02-10
3694,2010-02-11
3695,2010-02-12
3696,2010-02-13
3697,2010-02-14
3698,2010-02-15
3699,2010-02-16
3700,2010-02-17
3701,2010-02-18
3702,2010-02-19
3703,2010-02-20
3704,2010-02-21
3705,2010-02-22
3706,2010-02-23
3707,2010-02-24
3708,2010-02-25
3709,2010-02-26
3710,2010-02-27
3711,2010-02-28
3712,2010-03-01
3713,2010-03-02
3714,2010-03-03
3715,2010-03-04
3716,2010-03-05
3717,2010-03-06
3718,2010-03-07
3719,2010-03-08
3720,2010-03-09
3721,2010-03-10
3722,2010-03-11
3723,2010-03-12
3724,2010-03-13
3725,2010-03-14
3726,2010-03-15
3727,2010-03-16
3728,2010-03-17
3729,2010-03-18
3730,2010-03-19
3731,2010-03-20
3732,2010-03-21
3733,2010-03-22
3734,2010-03-23
3735,2010-03-24
3736,2010-03-25
3737,2010-03-26
3738,2010-03-27
3739,2010-03-28
3740,2010-03-29
3741,2010-03-30
3742,2010-03-31
3743,2010-04-01
3744,2010-04-02
3745,2010-04-03
3746,2010-04-04
3747,2010-04-05
3748,2010-04-06
3749,2010-04-07
3750,2010-04-08
3751,2010-04-09
3752,2010-04-10
3753,2010-04-11
3754,2010-04-12
3755,2010-04-13
3756,2010-04-14
3757,2010-04-15
3758,2010-04-16
3759,2010-04-17
3760,2010-04-18
3761,2010-04-19
3762,2010-04-20
3763,2010-04-21
3764,2010-04-22
3765,2010-04-23
3766,2010-04-24
3767,2010-04-25
3768,2010-04-26
3769,2010-04-27
3770,2010-04-28
3771,2010-04-29
3772,2010-04-30
3773,2010-05-01
3774,2010-05-02
3775,2010-05-03
3776,2010-05-04
3777,2010-05-05
3778,2010-05-06
3779,2010-05-07
3780,2010-05-08
3781,2010-05-09
3782,2010-05-10
3783,2010-05-11
3784,2010-05-12
3785,2010-05-13
3786,2010-05-14
3787,2010-05-15
3788,2010-05-16
3789,2010-05-17
3790,2010-05-18
3791,2010-05-19
3792,2010-05-20
3793,2010-05-21
3794,2010-05-22
3795,2010-05-23
3796,2010-05-24
3797,2010-05-25
3798,2010-05-26
3799,2010-05-27
3800,2010-05-28
3801,2010-05-29
3802,2010-05-30
3803,2010-05-31
3804,2010-06-01
3805,2010-06-02
3806,2010-06-03
3807,2010-06-04
3808,2010-06-05
3809,2010-06-06
3810,2010-06-07
3811,2010-06-08
3812,2010-06-09
3813,2010-06-10
3814,2010-06-11
3815,2010-06-12
3816,2010-06-13
3817,2010-06-14
3818,2010-06-15
3819,2010-06-16
3820,2010-06-17
3821,2010-06-18
3822,2010-06-19
3823,2010-06-20
3824,2010-06-21
3825,2010-06-22
3826,2010-06-23
3827,2010-06-24
3828,2010-06-25
3829,2010-06-26
3830,2010-06-27
3831,2010-06-28
3832,2010-06-29
3833,2010-06-30
3834,2010-07-01
3835,2010-07-02
3836,2010-07-03
3837,2010-07-04
3838,2010-07-05
3839,2010-07-06
3840,2010-07-07
3841,2010-07-08
3842,2010-07-09
3843,2010-07-10
3844,2010-07-11
3845,2010-07-12
3846,2010-07-13
3847,2010-07-14
3848,2010-07-15
3849,2010-07-16
3850,2010-07-17
3851,2010-07-18
3852,2010-07-19
3853,2010-07-20
3854,2010-07-21
3855,2010-07-22
3856,2010-07-23
3857,2010-07-24
3858,2010-07-25
3859,2010-07-26
3860,2010-07-27
3861,2010-07-28
3862,2010-07-29
3863,2010-07-30
3864,2010-07-31
3865,2010-08-01
3866,2010-08-02
3867,2010-08-03
3868,2010-08-04
3869,2010-08-05
3870,2010-08-06
3871,2010-08-07
3872,2010-08-08
3873,2010-08-09
3874,2010-08-10
3875,2010-08-11
3876,2010-08-12
3877,2010-08-13
3878,2010-08-14
3879,2010-08-15
3880,2010-08-16
3881,2010-08-17
3882,2010-08-18
3883,2010-08-19
3884,2010-08-20
3885,2010-08-21
3886,2010-08-22
3887,2010-08-23
3888,2010-08-24
3889,2010-08-25
3890,2010-08-26
3891,2010-08-27
3892,2010-08-28
3893,2010-08-29
3894,2010-08-30
3895,2010-08-31
3896,2010-09-01
3897,2010-09-02
3898,2010-09-03
3899,2010-09-04
3900,2010-09-05
3901,2010-09-06
3902,2010-09-07
3903,2010-09-08
3904,2010-09-09
3905,2010-09-10
3906,2010-09-11
3907,2010-09-12
3908,2010-09-13
3909,2010-09-14
3910,2010-09-15
3911,2010-09-16
3912,2010-09-17
3913,2010-09-18
3914,2010-09-19
3915,2010-09-20
3916,2010-09-21
3917,2010-09-22
3918,2010-09-23
3919,2010-09-24
3920,2010-09-25
3921,2010-09-26
3922,2010-09-27
3923,2010-09-28
3924,2010-09-29
3925,2010-09-30
3926,2010-10-01
3927,2010-10-02
3928,2010-10-03
3929,2010-10-04
3930,2010-10-05
3931,2010-10-06
3932,2010-10-07
3933,2010-10-08
3934,2010-10-09
3935,2010-10-10
3936,2010-10-11
3937,2010-10-12
3938,2010-10-13
3939,2010-10-14
3940,2010-10-15
3941,2010-10-16
3942,2010-10-17
3943,2010-10-18
3944,2010-10-19
3945,2010-10-20
3946,2010-10-21
3947,2010-10-22
3948,2010-10-23
3949,2010-10-24
3950,2010-10-25
3951,2010-10-26
3952,2010-10-27
3953,2010-10-28
3954,2010-10-29
3955,2010-10-30
3956,2010-10-31
3957,2010-11-01
3958,2010-11-02
3959,2010-11-03
3960,2010-11-04
3961,2010-11-05
3962,2010-11-06
3963,2010-11-07
3964,2010-11-08
3965,2010-11-09
3966,2010-11-10
3967,2010-11-11
3968,2010-11-12
3969,2010-11-13
3970,2010-11-14
3971,2010-11-15
3972,2010-11-16
3973,2010-11-17
3974,2010-11-18
3975,2010-11-19
3976,2010-11-20
3977,2010-11-21
3978,2010-11-22
3979,2010-11-23
3980,2010-11-24
3981,2010-11-25
3982,2010-11-26
3983,2010-11-27
3984,2010-11-28
3985,2010-11-29
3986,2010-11-30
3987,2010-12-01
3988,2010-12-02
3989,2010-12-03
3990,2010-12-04
3991,2010-12-05
3992,2010-12-06
3993,2010-12-07
3994,2010-12-08
3995,2010-12-09
3996,2010-12-10
3997,2010-12-11
3998,2010-12-12
3999,2010-12-13
4000,2010-12-14
4001,2010-12-15
4002,2010-12-16
4003,2010-12-17
4004,2010-12-18
4005,2010-12-19
4006,2010-12-20
4007,2010-12-21
4008,2010-12-22
4009,2010-12-23
4010,2010-12-24
4011,2010-12-25
4012,2010-12-26
4013,2010-12-27
4014,2010-12-28
4015,2010-12-29
4016,2010-12-30
4017,2010-12-31
4018,2011-01-01
4019,2011-01-02
4020,2011-01-03
4021,2011-01-04
4022,2011-01-05
4023,2011-01-06
4024,2011-01-07
4025,2011-01-08
4026,2011-01-09
4027,2011-01-10
4028,2011-01-11
4029,2011-01-12
4030,2011-01-13
4031,2011-01-14
4032,2011-01-15
4033,2011-01-16
4034,2011-01-17
4035,2011-01-18
4036,2011-01-19
4037,2011-01-20
4038,2011-01-21
4039,2011-01-22
4040,2011-01-23
4041,2011-01-24
4042,2011-01-25
4043,2011-01-26
4044,2011-01-27
4045,2011-01-28
4046,2011-01-29
4047,2011-01-30
4048,2011-01-31
4049,2011-02-01
4050,2011-02-02
4051,2011-02-03
4052,2011-02-04
4053,2011-02-05
4054,2011-02-06
4055,2011-02-07
4056,2011-02-08
4057,2011-02-09
4058,2011-02-10
4059,2011-02-11
4060,2011-02-12
4061,2011-02-13
4062,2011-02-14
4063,2011-02-15
4064,2011-02-16
4065,2011-02-17
4066,2011-02-18
4067,2011-02-19
4068,2011-02-20
4069,2011-02-21
4070,2011-02-22
4071,2011-02-23
4072,2011-02-24
4073,2011-02-25
4074,2011-02-26
4075,2011-02-27
4076,2011-02-28
4077,2011-03-01
4078,2011-03-02
4079,2011-03-03
4080,2011-03-04
4081,2011-03-05
4082,2011-03-06
4083,2011-03-07
4084,2011-03-08
4085,2011-03-09
4086,2011-03-10
4087,2011-03-11
4088,2011-03-12
4089,2011-03-13
4090,2011-03-14
4091,2011-03-15
4092,2011-03-16
4093,2011-03-17
4094,2011-03-18
4095,2011-03-19
4096,2011-03-20
4097,2011-03-21
4098,2011-03-22
4099,2011-03-23
4100,2011-03-24
4101,2011-03-25
4102,2011-03-26
4103,2011-03-27
4104,2011-03-28
4105,2011-03-29
4106,2011-03-30
4107,2011-03-31
4108,2011-04-01
4109,2011-04-02
4110,2011-04-03
4111,2011-04-04
4112,2011-04-05
4113,2011-04-06
4114,2011-04-07
4115,2011-04-08
4116,2011-04-09
4117,2011-04-10
4118,2011-04-11
4119,2011-04-12
4120,2011-04-13
4121,2011-04-14
4122,2011-04-15
4123,2011-04-16
4124,2011-04-17
4125,2011-04-18
4126,2011-04-19
4127,2011-04-20
4128,2011-04-21
4129,2011-04-22
4130,2011-04-23
4131,2011-04-24
4132,2011-04-25
4133,2011-04-26
4134,2011-04-27
4135,2011-04-28
4136,2011-04-29
4137,2011-04-30
4138,2011-05-01
4139,2011-05-02
4140,2011-05-03
4141,2011-05-04
4142,2011-05-05
4143,2011-05-06
4144,2011-05-07
4145,2011-05-08
4146,2011-05-09
4147,2011-05-10
4148,2011-05-11
4149,2011-05-12
4150,2011-05-13
4151,2011-05-14
4152,2011-05-15
4153,2011-05-16
4154,2011-05-17
4155,2011-05-18
4156,2011-05-19
4157,2011-05-20
4158,2011-05-21
4159,2011-05-22
4160,2011-05-23
4161,2011-05-24
4162,2011-05-25
4163,2011-05-26
4164,2011-05-27
4165,2011-05-28
4166,2011-05-29
4167,2011-05-30
4168,2011-05-31
4169,2011-06-01
4170,2011-06-02
4171,2011-06-03
4172,2011-06-04
4173,2011-06-05
4174,2011-06-06
4175,2011-06-07
4176,2011-06-08
4177,2011-06-09
4178,2011-06-10
4179,2011-06-11
4180,2011-06-12
4181,2011-06-13
4182,2011-06-14
4183,2011-06-15
4184,2011-06-16
4185,2011-06-17
4186,2011-06-18
4187,2011-06-19
4188,2011-06-20
4189,2011-06-21
4190,2011-06-22
4191,2011-06-23
4192,2011-06-24
4193,2011-06-25
4194,2011-06-26
4195,2011-06-27
4196,2011-06-28
4197,2011-06-29
4198,2011-06-30
4199,2011-07-01
4200,2011-07-02
4201,2011-07-03
4202,2011-07-04
4203,2011-07-05
4204,2011-07-06
4205,2011-07-07
4206,2011-07-08
4207,2011-07-09
4208,2011-07-10
4209,2011-07-11
4210,2011-07-12
4211,2011-07-13
4212,2011-07-14
4213,2011-07-15
4214,2011-07-16
4215,2011-07-17
4216,2011-07-18
4217,2011-07-19
4218,2011-07-20
4219,2011-07-21
4220,2011-07-22
4221,2011-07-23
4222,2011-07-24
4223,2011-07-25
4224,2011-07-26
4225,2011-07-27
4226,2011-07-28
4227,2011-07-29
4228,2011-07-30
4229,2011-07-31
4230,2011-08-01
4231,2011-08-02
4232,2011-08-03
4233,2011-08-04
4234,2011-08-05
4235,2011-08-06
4236,2011-08-07
4237,2011-08-08
4238,2011-08-09
4239,2011-08-10
4240,2011-08-11
4241,2011-08-12
4242,2011-08-13
4243,2011-08-14
4244,2011-08-15
4245,2011-08-16
4246,2011-08-17
4247,2011-08-18
4248,2011-08-19
4249,2011-08-20
4250,2011-08-21
4251,2011-08-22
4252,2011-08-23
4253,2011-08-24
4254,2011-08-25
4255,2011-08-26
4256,2011-08-27
4257,2011-08-28
4258,2011-08-29
4259,2011-08-30
4260,2011-08-31
4261,2011-09-01
4262,2011-09-02
4263,2011-09-03
4264,2011-09-04
4265,2011-09-05
4266,2011-09-06
4267,2011-09-07
4268,2011-09-08
4269,2011-09-09
4270,2011-09-10
4271,2011-09-11
4272,2011-09-12
4273,2011-09-13
4274,2011-09-14
4275,2011-09-15
4276,2011-09-16
4277,2011-09-17
4278,2011-09-18
4279,2011-09-19
4280,2011-09-20
4281,2011-09-21
4282,2011-09-22
4283,2011-09-23
4284,2011-09-24
4285,2011-09-25
4286,2011-09-26
4287,2011-09-27
4288,2011-09-28
4289,2011-09-29
4290,2011-09-30
4291,2011-10-01
4292,2011-10-02
4293,2011-10-03
4294,2011-10-04
4295,2011-10-05
4296,2011-10-06
4297,2011-10-07
4298,2011-10-08
4299,2011-10-09
4300,2011-10-10
4301,2011-10-11
4302,2011-10-12
4303,2011-10-13
4304,2011-10-14
4305,2011-10-15
4306,2011-10-16
4307,2011-10-17
4308,2011-10-18
4309,2011-10-19
4310,2011-10-20
4311,2011-10-21
4312,2011-10-22
4313,2011-10-23
4314,2011-10-24
4315,2011-10-25
4316,2011-10-26
4317,2011-10-27
4318,2011-10-28
4319,2011-10-29
4320,2011-10-30
4321,2011-10-31
4322,2011-11-01
4323,2011-11-02
4324,2011-11-03
4325,2011-11-04
4326,2011-11-05
4327,2011-11-06
4328,2011-11-07
4329,2011-11-08
4330,2011-11-09
4331,2011-11-10
4332,2011-11-11
4333,2011-11-12
4334,2011-11-13
4335,2011-11-14
4336,2011-11-15
4337,2011-11-16
4338,2011-11-17
4339,2011-11-18
4340,2011-11-19
4341,2011-11-20
4342,2011-11-21
4343,2011-11-22
4344,2011-11-23
4345,2011-11-24
4346,2011-11-25
4347,2011-11-26
4348,2011-11-27
4349,2011-11-28
4350,2011-11-29
4351,2011-11-30
4352,2011-12-01
4353,2011-12-02
4354,2011-12-03
4355,2011-12-04
4356,2011-12-05
4357,2011-12-06
4358,2011-12-07
4359,2011-12-08
4360,2011-12-09
4361,2011-12-10
4362,2011-12-11
4363,2011-12-12
4364,2011-12-13
4365,2011-12-14
4366,2011-12-15
4367,2011-12-16
4368,2011-12-17
4369,2011-12-18
4370,2011-12-19
4371,2011-12-20
4372,2011-12-21
4373,2011-12-22
4374,2011-12-23
4375,2011-12-24
4376,2011-12-25
4377,2011-12-26
4378,2011-12-27
4379,2011-12-28
4380,2011-12-29
4381,2011-12-30
4382,2011-12-31
4383,2012-01-01
4384,2012-01-02
4385,2012-01-03
4386,2012-01-04
4387,2012-01-05
4388,2012-01-06
4389,2012-01-07
4390,2012-01-08
4391,2012-01-09
4392,2012-01-10
4393,2012-01-11
4394,2012-01-12
4395,2012-01-13
4396,2012-01-14
4397,2012-01-15
4398,2012-01-16
4399,2012-01-17
4400,2012-01-18
4401,2012-01-19
4402,2012-01-20
4403,2012-01-21
4404,2012-01-22
4405,2012-01-23
4406,2012-01-24
4407,2012-01-25
4408,2012-01-26
4409,2012-01-27
4410,2012-01-28
4411,2012-01-29
4412,2012-01-30
4413,2012-01-31
4414,2012-02-01
4415,2012-02-02
4416,2012-02-03
4417,2012-02-04
4418,2012-02-05
4419,2012-02-06
4420,2012-02-07
4421,2012-02-08
4422,2012-02-09
4423,2012-02-10
4424,2012-02-11
4425,2012-02-12
4426,2012-02-13
4427,2012-02-14
4428,2012-02-15
4429,2012-02-16
4430,2012-02-17
4431,2012-02-18
4432,2012-02-19
4433,2012-02-20
4434,2012-02-21
4435,2012-02-22
4436,2012-02-23
4437,2012-02-24
4438,2012-02-25
4439,2012-02-26
4440,2012-02-27
4441,2012-02-28
4442,2012-02-29
4443,2012-03-01
4444,2012-03-02
4445,2012-03-03
4446,2012-03-04
4447,2012-03-05
4448,2012-03-06
4449,2012-03-07
4450,2012-03-08
4451,2012-03-09
4452,2012-03-10
4453,2012-03-11
4454,2012-03-12
4455,2012-03-13
4456,2012-03-14
4457,2012-03-15
4458,2012-03-16
4459,2012-03-17
4460,2012-03-18
4461,2012-03-19
4462,2012-03-20
4463,2012-03-21
4464,2012-03-22
4465,2012-03-23
4466,2012-03-24
4467,2012-03-25
4468,2012-03-26
4469,2012-03-27
4470,2012-03-28
4471,2012-03-29
4472,2012-03-30
4473,2012-03-31
4474,2012-04-01
4475,2012-04-02
4476,2012-04-03
4477,2012-04-04
4478,2012-04-05
4479,2012-04-06
4480,2012-04-07
4481,2012-04-08
4482,2012-04-09
4483,2012-04-10
4484,2012-04-11
4485,2012-04-12
4486,2012-04-13
4487,2012-04-14
4488,2012-04-15
4489,2012-04-16
4490,2012-04-17
4491,2012-04-18
4492,2012-04-19
4493,2012-04-20
4494,2012-04-21
4495,2012-04-22
4496,2012-04-23
4497,2012-04-24
4498,2012-04-25
4499,2012-04-26
4500,2012-04-27
4501,2012-04-28
4502,2012-04-29
4503,2012-04-30
4504,2012-05-01
4505,2012-05-02
4506,2012-05-03
4507,2012-05-04
4508,2012-05-05
4509,2012-05-06
4510,2012-05-07
4511,2012-05-08
4512,2012-05-09
4513,2012-05-10
4514,2012-05-11
4515,2012-05-12
4516,2012-05-13
4517,2012-05-14
4518,2012-05-15
4519,2012-05-16
4520,2012-05-17
4521,2012-05-18
4522,2012-05-19
4523,2012-05-20
4524,2012-05-21
4525,2012-05-22
4526,2012-05-23
4527,2012-05-24
4528,2012-05-25
4529,2012-05-26
4530,2012-05-27
4531,2012-05-28
4532,2012-05-29
4533,2012-05-30
4534,2012-05-31
4535,2012-06-01
4536,2012-06-02
4537,2012-06-03
4538,2012-06-04
4539,2012-06-05
4540,2012-06-06
4541,2012-06-07
4542,2012-06-08
4543,2012-06-09
4544,2012-06-10
4545,2012-06-11
4546,2012-06-12
4547,2012-06-13
4548,2012-06-14
4549,2012-06-15
4550,2012-06-16
4551,2012-06-17
4552,2012-06-18
4553,2012-06-19
4554,2012-06-20
4555,2012-06-21
4556,2012-06-22
4557,2012-06-23
4558,2012-06-24
4559,2012-06-25
4560,2012-06-26
4561,2012-06-27
4562,2012-06-28
4563,2012-06-29
4564,2012-06-30
4565,2012-07-01